INDICE,COLOR,TIPO,TEXTO,FLAVOR
1,Roja,Personajes,El Pollo Brito,El profeta que bautiza toda canción con un '¡Epa!' sagrado.
2,Roja,Personajes,"Nagueboná, Vladimir",Frase que todos repiten y nadie sabe por qué.
3,Roja,Personajes,Miguel Cabrera,El titán que parte el cielo con un palo de madera.
4,Roja,Personajes,El Gocho,El santo que baja la montaña a 120 desafiando a la muerte.
5,Roja,Personajes,El Valenciano,Nace con camisa de marca y odio de fábrica.
6,Roja,Personajes,El Caraqueño,El que jura que tras el túnel acaba la civilización.
7,Roja,Personajes,El Oriental,"Vive de playa, pesca y 'a la orden, vale'."
8,Roja,Personajes,El Maracucho,El titán que forjó un idioma entero con una sola palabra.
9,Roja,Personajes,Maite Delgado,"Si ella no lo saluda, el evento no existió."
10,Roja,Personajes,Deyna Castellanos,La diosa que humilla estadios con un pie y una sonrisa.
11,Roja,Personajes,El bachaquero de la esquina,Te calcula tres tipos de dólar sin haber estudiado.
12,Roja,Espanto,El Silbón,"Si lo oyes cerca, ya es tarde para todo."
13,Roja,Espanto,La Sayona,La razón por la que los infieles duermen mal.
14,Roja,Personajes,El Doctor Knoche,El que embalsamaba gente por hobby.
15,Roja,Personajes,Ánima del Purgatorio,"Le rezas por el carro; si le fallas, te jala las patas."
16,Roja,Dichos,"""Quedar como novia de pueblo""",La tragedia eterna de aguardar lo que nunca vendrá.
17,Roja,Dichos,"""Ponerse las alpargatas""",El llamado a las armas cuando el destino se pone feo.
18,Roja,Dichos,"""Echarle Bolas""","Trabajar sin luz ni agua, sonriendo como un demente."
19,Roja,Dichos,"""Más perdido que el hijo de Lindbergh""",¿El hijo de quién?
20,Roja,Dichos,"""Matar un tigre""",La cacería sagrada para llegar vivo a fin de mes.
21,Roja,Comida,"Un perro caliente ""Con Todo"" a las 3:00 a.m.",14 salsas misteriosas y cero garantías de vida.
22,Roja,Comida,"La empanada ""Operada""",Empanada abierta pa' meterle lo que sea.
23,Roja,Comida,Queso guayanés derretido,Se estira hasta la boca del vecino sin romperse.
24,Roja,Comida,"Una arepa de ""Dominó""","La unión sagrada del grano y el queso, letal de noche."
25,Roja,Comida,"El ""Pegao"" de la olla de arroz",El oro crujiente del fondo por el que se libran guerras.
26,Roja,Musica,Mercedes,"La mujer que se la comió el caimán por floja, o no."
27,Roja,Musica,Venezuela,El himno que quiebra en llanto a todo desterrado.
28,Roja,Musica,El Alma Llanera,El canto final que anuncia el fin de toda celebración.
29,Roja,Musica,1 y 1 es igual a 3,Matemática inventada para justificar la infidelidad.
30,Roja,Musica,Llorarás,El conjuro que te hace danzar sobre tu propia tragedia.
31,Roja,Musica,"El ""Cumpleaños Feliz""","El ritual interminable de cuatro cantos y manos rotas ""¡Otra vez!"""
32,Roja,Guachafitas,"""Al fondo hay puesto""",La promesa falsa de un reino que jamás tuvo espacio.
33,Roja,Guachafitas,"Un ""bajón"" de luz justo cuando vas a guardar la tesis",Se va la luz y no habías guardado nada. Nada.
34,Roja,Personajes,La tía que te manda cadenas de Piolín por WhatsApp,Te manda 'bendiciones' en un GIF de 45 megas.
35,Roja,Guachafitas,"El ""Vuelto"" en caramelos",La dulce divisa impuesta por decreto de la bodega.
36,Roja,Guachafitas,Un chisme en el trabajo,Info que muta tres veces antes de llegar al jefe.
37,Roja,Guachafitas,Quedarse sin agua a mitad del baño,La traición del agua en el instante más vulnerable.
38,Roja,Guachafitas,"El pana que dice ""Voy saliendo""",El señor del tiempo cuyo 'ya voy' dobla las leyes del reloj.
39,Roja,Guachafitas,Juego de dominó un domingo por la tarde,"Deporte extremo con cerveza, gritos y política."
40,Roja,Guachafitas,Motorizado esperando la lluvia bajo un puente,La congregación de jinetes que detiene la autopista por lluvia.
41,Roja,Guachafitas,El olor a tierra mojada cuando empieza mayo,El perfume sagrado que anuncia la llegada del diluvio.
42,Roja,Personajes,"La ""Chola"" de tu mamá",Chancla que dobla esquinas para pegarte en la cabeza.
43,Roja,Evento,Un Caracas-Magallanes,La guerra santa que parte al país en dos bandos eternos.
44,Roja,Personajes,El señor que vende helados en la playa,El atleta legendario que cruza desiertos cargando anime.
45,Roja,Guachafitas,"""Háblame, chamo""",Las dos palabras que anuncian saludo o sentencia.
46,Roja,Objetos,Carro con los amortiguadores vencidos,El corcel roto que castiga tu espina con cada bache.
47,Roja,Guachafitas,"El ""Toque de queda"" de la abuela",A las 9pm o estás en casa o en las noticias.
48,Roja,Personajes,Lila Morillo,Sobrevivirá al fin del mundo junto a los coquitos.
49,Roja,Personajes,Er Conde del Guácharo,Te hace reír y te ofende con la misma palabra.
50,Roja,Personajes,Oscar D'León,El infatigable que le roba juventud al mismísimo tiempo.
51,Roja,Comida,Una empanada de cazón en la playa,El manjar de los dioses que hasta las moscas veneran.
52,Roja,Comida,Una empanada de queso en la playa,"Pudiendo pedir cazón, pediste queso. En serio."
53,Roja,Comida,La última papa frita del plato,"Se mira, pero no se toca sin permiso firmado."
54,Roja,Comida,Un Toddy bien frío,Cura el despecho. Dejar los grumos arriba es ley.
55,Roja,Comida,Pirulín,La ofrenda dulce que sella los pactos del corazón.
56,Roja,Objetos,Un autobús con la música a todo volumen,Discoteca con olor a gasoil y chofer piloto de F1.
57,Roja,Evento,La cola de la gasolina,"Haces amigos y replanteas tu vida a las 4am, en fila."
58,Roja,Objetos,La calor Maracucha,"Como caminar sobre el sol, pero con un cepillao."
59,Roja,Evento,Bajón de luz,Saltas a desenchufar la nevera como si fuera una bomba.
60,Roja,Guachafitas,"El ""Te lo dije"" de tu Mamá",La profecía materna que jamás falla y siempre hiere.
61,Roja,Guachafitas,"El ""Ahorita""","Puede ser en 5 minutos o, más seguro, nunca."
62,Roja,Personajes,La sifrina,Habla con una papa en la boca y se le va la luz igual.
63,Roja,Personajes,"""Malandro"" de cartón",Habla grueso hasta que truena un triquitraqui.
64,Roja,Personajes,Sugar daddy,El anciano cuyo poder infinito brota de una tarjeta dorada.
65,Roja,Personajes,La tía evangélica y chismosa,La profetisa que juzga tu alma y espía la de todos.
66,Roja,Personajes,El pana que se cree influencer,El falso ídolo que ruega monedas a su propio padre.
67,Roja,Personajes,La bendecida y afortunada,Su mayor esfuerzo es posar junto a un señor de 70.
68,Roja,Personajes,Maracucho picado,El volcán humano que erupciona groserías ancestrales.
69,Roja,Personajes,Gocho despechado,El coloso tierno que se derrumba ante un arpa y un despecho.
70,Roja,Personajes,La arrecha de barrio,La furia encarnada que defiende su lugar hasta la muerte.
71,Roja,Personajes,El sabelotodo de la familia,Opina de física cuántica con el tercer ron encima.
72,Roja,Personajes,Amigo de lo ajeno,El saqueador afable que despoja tu despensa con una sonrisa.
73,Roja,Personajes,El vecino fastidioso del condominio,Te pone la queja si haces ruido a las 8:01 pm.
74,Roja,Personajes,La que no rompe un plato,Cara de ángel; en la fiesta se toma hasta los floreros.
75,Roja,Personajes,La tóxica,La sombra que te acecha tras una máscara de cachorro en IG.
76,Roja,Personajes,El duende que te esconde las llaves,El demonio doméstico que roba y devuelve tus llaves por deporte.
77,Roja,Dichos,"""Gastar pólvora en zamuro""",La batalla perdida por un corazón que jamás será tuyo.
78,Roja,Dichos,"""Chivo que se devuelve se esnuca""",Es mejor pedir disculpas...
79,Roja,Dichos,"""Morder el peine""",La trampa perfecta en la que todo culpable confiesa.
80,Roja,Guachafitas,Sacar el culo,Esquive por defecto.
81,Roja,Objetos,"El ""rompe colchón""",Promete pasión y te garantiza tres días en el baño.
82,Roja,Objetos,La salsita de ajo sospechosa del carrito callejero,La salsa maldita que seduce aun bajo amenaza de plaga.
83,Roja,Objetos,Anís con yogurt de fresa,El brebaje satánico que roba recuerdos a cambio de placer.
84,Roja,Objetos,Una chicha con exceso de leche condensada,El néctar denso que sella el estómago y roba la tarde.
85,Roja,Objetos,Sopa de mondongo con pata de vaca,Revive a un muerto o mata a un vivo. Depende.
86,Roja,Objetos,El guayoyo amargo de oficina,El brebaje amargo que solo ofrece acidez y desvelo.
87,Roja,Objetos,Vallenato cortavenas a las 4:00 a.m.,El lamento que derrumba a los más duros al amanecer.
88,Roja,Personajes,Sandy y Papo,Despierta el baile prohibido de toda tía de 50.
89,Roja,Objetos,Reguetón viejo (2006),El himno antiguo que borra toda edad de tu memoria.
90,Roja,Objetos,La hora loca,El instante en que la elegancia cae y reina el caos.
91,Roja,Objetos,Salsa brava,Sólo una regla básica: Bailas en una sola baldosa.
92,Roja,Objetos,"El ""visto"" azul de WhatsApp",Las dos rayas azules que sentencian tu autoestima.
93,Roja,Guachafitas,Tarjeta rechazada por fondos insuficientes,El instante de máxima humillación firmado por el código 51.
94,Roja,Evento,Quedarse sin papel tualé en baño ajeno,La prueba suprema donde se inmola un calcetín por honor.
95,Roja,Evento,Ir a un motel y encontrarte un conocido,El pacto sagrado de silencio entre dos pecadores.
96,Roja,Personajes,El mecánico,¿Se te quitó o no se te quitó la falla?
97,Roja,Personajes,La reunión de condominio,El coliseo anual donde los vecinos guerrean por una gotera.
98,Roja,Personajes,"El conocido que te invita a ""ser tu propio jefe""",El falso profeta que promete millones vendiendo humo.
99,Roja,Evento,Revisar el teléfono de tu pareja mientras se baña,La expedición prohibida al abismo donde nadie sale ileso.
100,Roja,Evento,Hacerse el dormido en el autobús para no dar el puesto,Cara de coma profundo para no ceder el puesto.
101,Roja,Objetos,Un piropo de albañil con exceso de creatividad,El poema callejero que confunde el elogio con la sentencia.
102,Roja,Personajes,El pana que se vuelve insoportable con dos tragos,Dos tragos y ya quiere pelear con el mesonero.
103,Roja,Personajes,El parquero de la calle,"Aparece solo cuando arrancas, a pedir colaboración."
104,Roja,Evento,"""A la derecha ciudadano""",Sudas frío rezando por tu documento vencido.
105,Roja,Evento,Comer caraotas tres días seguidos,"Delicioso, hasta la reunión en la oficina con aire."
106,Roja,Objetos,La rumba en el estacionamiento de una licorería,"Rey del mundo con la maleta abierta, hasta la patrulla."
107,Roja,Objetos,Un tatuaje barato hecho en una sala,El león imponente quedó como gato desnutrido.
108,Roja,Objetos,Mudanza hecha en el techo de un carro pequeño,"Nevera y colchones, un solo mecate y mucha fe."
109,Roja,Objetos,La previa,El ritual previo que te embriaga antes de ir a la disco.
110,Roja,Evento,"Ya te hice la transferencia, debe estar por caer",La mentira que compra horas de paz con el cobrador.
111,Roja,Personajes,El gordito del grupo que siempre tiene calor,Suda como tapa de olla dos minutos sin aire.
112,Roja,Objetos,Un dolor de barriga repentino en plena calle,La batalla espiritual por la dignidad a mitad de la calle.
113,Roja,Evento,Ir a la playa y que llueva a los cinco minutos,La maldición celestial que hunde el viaje en cinco minutos.
114,Roja,Objetos,El último trago,A las 5am le juras a Dios que más nunca tomas.
115,Roja,Personajes,Eladio Lárez,El señor cuya mirada te juzga... '¿estás seguro?'.
116,Roja,Personajes,Valentina Quintero,"Si ella dice que un rancho es espectacular, tú vas."
117,Roja,Personajes,Osmel Sousa,Te destruye la autoestima con solo mirarte.
118,Roja,Personajes,Gilberto Correa,La voz señorial que volvía épico hasta el apocalipsis.
119,Roja,Personajes,Renny Ottolina,Al que invocan para decir que antes todo era mejor.
120,Roja,Personajes,Daniel Sarcos,Corría gritando '¡Guerra de los sexos!' abrazando señoras.
121,Roja,Personajes,Viviana Gibelli,Maestra de fingir demencia entre urnas con cucarachas.
122,Roja,Personajes,Mimí Lazo,'Hombre no es gente'
123,Roja,Personajes,Norkys Batista,La belleza cuya lengua corta más que cualquier espada.
124,Roja,Personajes,Edgar Ramírez,El elegido que ascendió del culebrón al Olimpo de Hollywood.
125,Roja,Personajes,La mujer de Judas,El aquelarre de novias millonarias que sembró el terror.
126,Roja,Personajes,Mi gorda bella,Traje de goma Michelin y juraban que no se notaba.
127,Roja,Personajes,Voltea pa' que te enamores,Convenció a las sifrinas de salir con el mototaxista.
128,Roja,Personajes,Yulimar Rojas,La titán que rompe la gravedad y celebra bailando salsa.
129,Roja,Personajes,Salomón Rondón,Su táctica: chocar contra la defensa como buseta sin frenos.
130,Roja,Personajes,Juan Arango,Tenía un pacto con el diablo en la zurda.
131,Roja,Personajes,Greivis Vásquez,Llegó a la NBA a punta de chalequeo caribeño.
132,Roja,Personajes,Bob Abreu,Tan relajado que parecía jugar en la playa con cerveza.
133,Roja,Personajes,Rubén Limardo,El caballero que cruzó el mar con su espada y volvió con oro.
134,Roja,Personajes,Pastor Maldonado,Usaba los otros carros de Fórmula 1 como freno.
135,Roja,Personajes,Simón Díaz,El bardo que con una tonada doblega el alma más dura.
136,Roja,Personajes,Emilio Lovera,Tiene secuestradas todas las voces del país.
137,Roja,Personajes,Ricardo Montaner,Vive en una secta familiar que canta y cobra regalías.
138,Roja,Personajes,Gustavo Dudamel,Espanta avispas invisibles y le dicen genio.
139,Roja,Personajes,Dayana Mendoza,Tan bella que las demás parecían las primas feas.
140,Roja,Personajes,José Luis Rodríguez,Copete indestructible y consejos espirituales en Miami.
141,Roja,Personajes,Servando y Florentino,Culpables de mil suspiros adolescentes en los 90.
142,Roja,Personajes,Winston Vallenilla,Vendió su alma por poder gritar '¡Familiaaa!'.
143,Roja,Personajes,Luis Chataing,El bufón matinal que salvaba cordura a golpe de chiste.
144,Roja,Personajes,Juan Gabriel en el Teresa Carreño,El mexicano que derritió el orgullo de mil hombres duros.
145,Roja,Personajes,Chino y Nacho,De la discoteca de Caracas a los Grammys de Miami.
146,Roja,Personajes,Reinaldo Armas,Récord nacional de borracheras musicalizadas con caña.
147,Roja,Personajes,La Vinotinto de las Eliminatorias,"Secta masoquista unida por un 'mano, tengo fe'."
148,Roja,Personajes,Leones del Caracas,Los fanáticos más insoportables del béisbol caribeño.
149,Roja,Personajes,Navegantes del Magallanes,Se visten de pavo real al ganarle a Caracas.
150,Roja,Personajes,Roque Valero,El bardo que cambió el despecho por el trono del presupuesto.
151,Roja,Personajes,Jeremías,El que reescribió las matemáticas para excusar sus traiciones.
152,Roja,Personajes,Hany Kauam,Le puso música a todos los despechos de bachillerato.
153,Roja,Personajes,Juan Guaidó,Presidente de un país que no aparece en el mapa.
154,Roja,Otros,Henrique Capriles,Colecciona derrotas con la misma gorra tricolor.
155,Roja,Personajes,Luis Aparicio,En Cooperstown mientras tú no atrapas ni en el patio.
156,Roja,Comida,La hallaca recalentada el 6 de enero,"Hasta el perro la desprecia, pero botarla es pecado."
157,Roja,Objetos,La planta eléctrica del vecino,El trueno mecánico que proclama al señor feudal del barrio.
158,Roja,Lugares,El Ávila,"Si eres de caracas y no conoces esto, no eres caraqueño."
159,Roja,Evento,El apagón nacional de marzo,"Sin luz se acabó el agua, el internet y la paciencia."
160,Roja,Dichos,"""Echarle los perros""",La cacería del corazón donde uno es la fiera insaciable.
161,Roja,Personajes,El buhonero de la avenida,El mercader que guarda un imperio entero en un trapo.
162,Roja,Guachafitas,Bajarse del carro en plena cola a buscar la causa del trancón,Camina 200 metros y descubre que era una vaca acostada.
163,Roja,Musica,La gaita zuliana sonando desde el 1° de octubre,El canto que declara diciembre aunque el sol lo niegue.
164,Roja,Espanto,La Llorona,Llora toda la noche y te quita el sueño gratis.
165,Roja,Personajes,Andrés Galarraga,Bateaba tan alto que hay pelotas todavía orbitando.
166,Roja,Comida,El pabellón criollo,La patria entera servida en un plato para devorarla.
167,Roja,Objetos,El termo de Avon,Café caliente desde 1987 y ay de quien lo bote.
168,Roja,Lugares,Sabana Grande,"El bulevar donde en un paso compras tiempo, hambre y destino."
169,Roja,Evento,La quincena que dura dos días,El breve reinado del oro que se esfuma en dos amaneceres.
170,Roja,Dichos,"""Estar pelando bola""",El vacío eterno de bolsillos entre quincena y quincena.
171,Roja,Personajes,El guachimán del edificio,"Sabe con quién llegaste, pero 'no vio nada'."
172,Roja,Guachafitas,Tener tres canaimitas en la casa y ninguna prende,'Ya no puedo jugar al lol'
173,Roja,Musica,Cardenales del Éxito,A las 7am de diciembre por ley no escrita de la abuela.
174,Roja,Espanto,La Bola de Fuego,Alma en pena o transformador explotando. Nadie sabe.
175,Roja,Personajes,Omar Vizquel,Sacaba outs con la mano pelada; el guante sobraba.
176,Roja,Comida,El asado negro de la abuela,El manjar de tinieblas cuyo secreto muere con la abuela.
177,Roja,Objetos,Las cholas,"Sirven para todo; en mano de mamá, misil de precisión."
178,Roja,Lugares,El Metro de Caracas,Sauna rodante donde hueles a la ciudad entera por un módico precio.
179,Roja,Evento,El sancocho familiar del domingo,El primo solo aparece cuando ya está servido.
180,Roja,Dichos,"""Más sabe el diablo por viejo que por diablo""",La abuela te cacha la mentira antes de terminarla.
181,Roja,Personajes,El motorizado kamikaze,El jinete suicida que reclama toda calle como su reino.
182,Roja,Guachafitas,Manejar con el brazo de afuera para que no se note que no hay aire,El que refresca su carro con la fuerza del viento y el orgullo.
183,Roja,Musica,El joropo recio,Zapatea tan fuerte que el piso pide clemencia.
184,Roja,Espanto,El Hachador del Monte,Tumba árboles toda la noche y no cae ni una rama.
185,Roja,Personajes,Pablo Sandoval,El panda guerrero que conquistó el trono con su vientre.
186,Roja,Comida,Una cachapa con queso de mano y cochino frito,Tan buena que después necesitas tres horas de siesta.
187,Roja,Objetos,El budare,Pesa más que un muerto y sobrevive a tres generaciones.
188,Roja,Lugares,El Teleférico de Caracas,Rezas al subir y otra vez al ver los precios de la cima.
189,Roja,Evento,El velorio con cerveza y dominó,"Se despide al muerto con capicúa, hielo y buena excusa."
190,Roja,Dichos,"""Camarón que se duerme se lo lleva la corriente""","Te descuidas y te quitan puesto, cambio y hasta la novia."
191,Roja,Personajes,La suegra que llega sin avisar,"Llega con una olla, una crítica y una maleta 'por si acaso'."
192,Roja,Guachafitas,Echarle agua de la batería al refresco para que rinda,"No lo hagas, pero el primo lo hizo y aún lo recuerdan."
193,Roja,Musica,Despecho llanero a todo pulmón,"Cuando el arpa llora más que tú, ya disfrutas el dolor."
194,Roja,Espanto,El Descabezado,"Anda buscando su cabeza, como medio país."
195,Roja,Personajes,David Concepción,Inventó el tiro de rebote: ingeniería criolla pura.
196,Roja,Comida,La reina pepiada,La soberana de las arepas que reina sin rival alguno.
197,Roja,Objetos,La batea de lavar,Brazos de acero a punta de jabón azul.
198,Roja,Lugares,La Isla de Margarita,Vas a relajarte y vuelves con tres cavas y cero plata.
199,Roja,Evento,La graduación con la promoción entera,Cuarenta familias y empieza dos horas tarde por el padrino.
200,Roja,Dichos,"""Echar un camión""",El embuste tan colosal que raya en obra maestra.
201,Roja,Personajes,El fiebrúo del gym,"Postea las pesas, jamás la dieta ni la comida real."
202,Roja,Guachafitas,El tío que llega a la fiesta y de una vez se mete en la cocina a opinar,"No trajo el carbón, pero sabe cuándo voltear la carne."
203,Roja,Musica,El cuatro desafinado de la fiesta,El primo lo rasguea horrible y nadie se lo quita.
204,Roja,Espanto,La Dientona,Hermosa hasta que sonríe.
205,Roja,Personajes,José Altuve,"Metro y medio, pero batea más alto que el dólar paralelo."
206,Roja,Comida,Los tequeños de la fiesta,Desaparecen antes de que llegue la mitad de la gente.
207,Roja,Objetos,El Daewoo Tico,Lata con ruedas que carga siete personas y un perro.
208,Roja,Lugares,Los Roques,El edén cuyo azul divino se paga con sangre y billete.
209,Roja,Evento,El matriarcado decidiendo el menú navideño,Tú solo rallas el queso y te callas la boca.
210,Roja,Dichos,"""Agarrar a alguien fuera de base""",El instante fatal en que el destino te sorprende sin defensa.
211,Roja,Personajes,El chamo que pide la cola,Jura que es 'aquí cerquita' y son tres municipios.
212,Roja,Guachafitas,Guardar las bolsas plásticas dentro de otra bolsa plástica,'Una bolsa para controlarlas a todas'.
213,Roja,Musica,Las parrandas decembrinas del barrio,Aparecen a las 11pm y se van con hallaca y ron encima.
214,Roja,Espanto,El Cucú,"Nadie sabe cómo es, pero viene si no te tomas la sopa."
215,Roja,Personajes,Salvador Pérez,Abraza al pícher como si fuera su última empanada.
216,Roja,Comida,El cachito de jamón recién horneado,La razón para levantarte temprano un domingo.
217,Roja,Objetos,El Malibú del 78,Gasta como avión pero jamás te deja botado.
218,Roja,Lugares,Mérida,La ciudad de bruma eterna donde el frío por fin reina.
219,Roja,Evento,Montar la gaita desde octubre,En octubre ya suena el furro y huele a hallaca.
220,Roja,Dichos,"""Hacerse la vista gorda""",El arte supremo de no ver justo lo que exige acción.
221,Roja,Personajes,La doña de la junta de condominio,Convoca asamblea por una bombilla; lleva minuta desde 2014.
222,Roja,Guachafitas,Llamar a alguien por el nombre completo,Suena tu segundo nombre y ya sabes que se puso fea.
223,Roja,Musica,Radio Rochela,Toda desgracia nacional se aguanta mejor riéndose.
224,Roja,Espanto,El Coco,Negocia tu hora de dormir con amenaza incluida.
225,Roja,Personajes,Edgardo Alfonzo,Defiende la segunda base mejor que tú tus excusas.
226,Roja,Comida,El pan canilla calientico,"Nunca llega entero, siempre llega 'pellizcao'."
227,Roja,Objetos,El Caprice clásico,Lleva 15 años bajo una sábana esperando su restauración.
228,Roja,Lugares,El Teleférico de Mérida,La ascensión al cielo que se paga con vértigo y labios morados.
229,Roja,Evento,El viacrucis para conseguir efectivo,Cuatro cajeros y no alcanza ni para el pasaje.
230,Roja,Dichos,"""Estar como anillo al dedo""",Te queda tan perfecto que parece hecho para ti.
231,Roja,Personajes,El que se cuela en la fila del banco,Llega 'buscando a un amigo' y aparece de primero.
232,Roja,Guachafitas,Ponerle nombre al carro como si fuera familia,"'La Catira' no abre dos puertas, pero es de la familia."
233,Roja,Musica,Sábado Sensacional,Cinco horas de TV y un carro que nadie de tu familia ganó.
234,Roja,Espanto,Las brujas de Catia,Las únicas que consiguen estacionamiento en Catia un viernes.
235,Roja,Personajes,Antonio Armas,Líder jonronero cuando el béisbol aún era nuestro destino.
236,Roja,Comida,Los golfeados con queso y melao,"Un infarto con anís, pero qué rico se va uno."
237,Roja,Objetos,La moto del bachaquero,El corcel de carga que transporta imperios amarrados con fe.
238,Roja,Lugares,El Salto Ángel,"Avioneta, río y tres horas de caminata. Vale cada gota."
239,Roja,Evento,La cola del banco que no avanza,"Entraste joven y saliste con barba, sin avanzar."
240,Roja,Dichos,"""Ir a pie de bola""","Sin plan, sin real y sin idea, pero con toda la actitud."
241,Roja,Personajes,El tío que arma el sancocho,El general del fogón que gobierna la olla con puño de hierro.
242,Roja,Guachafitas,El que se pone los lentes oscuros adentro del bautizo,Reza con lentes oscuros para disimular la resaca.
243,Roja,Musica,Súper Sábado Sensacional,A cinco horas de TV siempre se le puede sumar 'Súper'.
244,Roja,Espanto,El culto a María Lionza en Sorte,Spa espiritual: subes con ron y bajas con el alma limpia.
245,Roja,Personajes,Ozzie Guillén,Ganó una Serie Mundial diciendo más groserías por minuto.
246,Roja,Comida,Las mandocas zulianas,Herradura frita de maíz y papelón. Maracaibo de un mordisco.
247,Roja,Objetos,El billete de un millón de bolívares,Compró una casa; al mes no daba ni para un chicle.
248,Roja,Lugares,Coro y sus médanos,"El Sahara venezolano, pero con cocada al lado."
249,Roja,Evento,El «ya casi llego» que son dos horas,'Ya casi llego' significa que ni ha salido.
250,Roja,Dichos,"""Dejar a alguien plantado""",El abandono que deja al otro criando musgo en la esquina.
251,Roja,Guachafitas,Tapar el hueco del techo con un tobo y una ponchera,Cuando llueve suena a batería y vacías a las 3am.
252,Roja,Espanto,El Negro Felipe,"Cuando él se monta, hasta el malandro se persigna."
253,Roja,Personajes,Francisco Rodríguez 'K-Rod',Cerraba con tanto drama que tu corazón cerraba primero.
254,Roja,Comida,Los bollitos pelones con guiso,"Lo que sobró, mejor que cualquier restaurante."
255,Roja,Objetos,La cesta ticket,"Rico el día de pago, pobre el 16. Olía a esperanza."
256,Roja,Lugares,Maracaibo a mediodía,El sol no calienta: te interroga.
257,Roja,Evento,El primero de enero con la casa llena de hallacas,Sobrevives con hallaca recalentada hasta Marzo.
258,Roja,Dichos,"""Estar en la olla""","Sin trabajo, sin real y la nevera haciendo eco."
259,Roja,Personajes,El gandolero de la autopista,Mueve 18 ruedas como bicicleta y se cambia sin avisar.
260,Roja,Guachafitas,Comprar un solo cigarro y pedir el encendido prestado,"Compra al detal, fuma a crédito, sin reales pero con ganas."
261,Roja,Musica,Cásate y Verás,Parejas peleando en vivo para deleite del sofá.
262,Roja,Personajes,Félix Hernández,Lanzó un juego perfecto; nosotros ni pa' llegar temprano.
263,Roja,Comida,El hervido de gallina del domingo,Resucita muertos y cura cualquier resaca del domingo.
264,Roja,Objetos,El tobo de agua para cuando no hay,"Reserva sagrada del baño, hasta que llegan visitas."
265,Roja,Lugares,El Puente sobre el Lago de Maracaibo,"Ocho km de fe; si te quedas pegado, ya eres del Zulia."
266,Roja,Evento,Cuadrar la vuelta del transporte público,"'No tengo sencillo' de ambos lados, y pagas de más."
267,Roja,Dichos,"""No hay arroz que no se queme""",La verdad eterna: ni el maestro escapa al desastre.
268,Roja,Personajes,El pana que «te resuelve» todo,Conoce un primo de un compadre que lo vende más barato.
269,Roja,Guachafitas,El primo que «sabe» de carros y deja el tuyo peor,¿Se te quitó o no se te quitó la falla? El mismo
270,Roja,Personajes,Magglio Ordóñez,Bateaba tan elegante que parecía firmar autógrafos.
271,Roja,Comida,El sancocho de pescado a orillas del río,Fogón de leña y lo que cayó esa mañana. Ilegalmente rico.
272,Roja,Objetos,La nevera 'ejecutiva' de cervezas,La nevera vieja del porche que solo enfría polares.
273,Roja,Lugares,Galipán,Fresas con crema tras una carretera diseñada por el diablo.
274,Roja,Evento,La parranda que llega a tu casa sin avisar,Tocan con furruco y ya están adentro pidiendo ponche.
275,Roja,Dichos,"""Échale pichón""",La filosofía del esfuerzo ciego que mueve toda bomba manual.
276,Roja,Personajes,La señora que regatea hasta en el chino,Pelea un descuento por espaguetis como si fuera una casa.
277,Roja,Guachafitas,Mandar al menor de la casa a comprar a la bodega de noche,Regresa corriendo jurando que vio al Silbón en la esquina.
278,Roja,Musica,Un merengue venezolano de los 90,Letra vacía y un paso que tu tío aún saca en las bodas.
279,Roja,Espanto,El Dr. José Gregorio Hernández,Lo invocas para una cirugía y para el repuesto que no hay.
280,Roja,Comida,El chicharrón crujiente con casabe,"Cruje tan fuerte que lo oye el vecino. La presión, después."
281,Roja,Objetos,El ventilador 'recargable' chino,Promete ocho horas de brisa y dura veinte minutos.
282,Roja,Lugares,Chacao,Todo cuesta el doble y hasta el vigilante está más mamado.
283,Roja,Evento,El reencuentro de la familia en diciembre,El cónclave anual donde reaparecen parientes de otra vida.
284,Roja,Dichos,"""Buscarle la quinta pata al gato""",El arte de enredar lo fácil hasta que nadie lo resuelva.
285,Roja,Personajes,El colector de bus,"Grita la ruta entera de un respiro, colgando de la puerta."
286,Roja,Guachafitas,Calentar la comida de ayer y jurar que sabe mejor recalentada,"'El pabellón del segundo día tiene cuerpo', jura el sommelier."
287,Roja,Musica,El Trabuco salsero en el equipo de sonido,El son que convierte a cualquier borracho en cantante mayor.
288,Roja,Espanto,El Espanto de la Quebrada,Alma en pena o el vecino robando aguacates. Quién sabe.
289,Roja,Personajes,Carlos Hernández,Repartía golpes como mamá los correazos: sin avisar.
290,Roja,Comida,Una malta bien fría,Tu mamá te la daba 'porque tiene hierro'. Pide queso.
291,Roja,Objetos,El celular con la pantalla rota,Telaraña de vidrio que igual postea y te corta el dedo.
292,Roja,Lugares,Petare,"Laberinto de día, leyenda de noche. Respeto absoluto."
293,Roja,Evento,Estrenar ropa el 31 de diciembre,El rito del estreno sin el cual el año nace maldito.
294,Roja,Dichos,"""Quedarse con los crespos hechos""",Todo listo y arreglado para algo que no pasó.
295,Roja,Personajes,El profesor que cae mal a todo el salón,El tirano del aula cuyas amenazas jamás se cumplen.
296,Roja,Guachafitas,El que pide «un toquecito» de la cerveza ajena y se la baja completa,Pide 'un toquecito' y te devuelve la lata vacía sonriendo.
297,Roja,Musica,"Salsa de la dura, de la que no se baila pegado",La que el melómano pone para 'educarte' sin que la pidas.
298,Roja,Espanto,El Carretón de la Muerte,El único transporte público que sí cumple horario.
299,Roja,Personajes,Edwin Valero,Invicto por nocaut y un gancho que te mandaba a dormir.
300,Roja,Comida,El papelón con limón,La gatorade criolla que te devuelve el alma en dos tragos.
301,Roja,Objetos,Las pastillas de Atamel,"Si no te lo baja el Atamel, ya eso es brujería."
302,Roja,Lugares,El bulevar de Catia,"Si consigues buen precio aquí, eres un genio del comercio."
303,Roja,Evento,Las doce uvas a la medianoche,El rito de las doce uvas donde cada deseo casi te ahoga.
304,Roja,Dichos,"""Echar broma""","Fastidiar con cariño, hasta que deja de ser con cariño."
305,Roja,Personajes,El reguetonero del barrio,Sueña con el Hard Rock; graba con una cobija en la pared.
306,Roja,Guachafitas,Estacionar en doble fila y dejar las luces intermitentes como pidiendo perdón,Las cuatro luces: un 'ya vengo' de dos minutos o dos horas.
307,Roja,Musica,La hora del vallenato en la barra,El instante en que el despecho ajeno se vuelve historia propia.
308,Roja,Espanto,La Mula Maniá,Se metió con un cura y terminó relinchando encadenada.
309,Roja,Personajes,Antonio Cermeño,Pegaba más duro que la inflación de un solo día.
310,Roja,Comida,La chicha del señor de la esquina,El brebaje espeso cuyo origen es mejor no interrogar.
311,Roja,Objetos,El frasco de Vick VapoRub,El bálsamo sagrado que cura desde la tos hasta el alma.
312,Roja,Lugares,La playa de Choroní,"Mil curvas que te marean, pero al final tambores y cocofrío."
313,Roja,Evento,Correr con la maleta vacía dando la vuelta a la manzana,El rito viajero de dar vueltas cargando esperanzas vacías.
314,Roja,Dichos,"""Tirar la toalla""",La rendición solemne justo en la víspera del triunfo.
315,Roja,Personajes,La vecina que lo sabe todo,La red de inteligencia que todo lo sabe antes que ocurra.
316,Roja,Guachafitas,Bautizar como «el chinito» a cualquier abasto sin importar el dueño,"Todo barrio tiene su chinito, sin importar el dueño."
317,Roja,Musica,Tambor barloventeño en Semana Santa,Para el lunes nadie en Yare se levanta de la cama.
318,Roja,Espanto,El Familiar de la hacienda,El primer caso de explotación laboral con monstruo incluido.
319,Roja,Personajes,Jorge Linares,Pegaba tan rápido que el rival se enteraba por redes.
320,Roja,Objetos,La pava (la gorra),"Mientras más sucia y desteñida, más respeto impone."
321,Roja,Lugares,El Parque del Este,Siempre hay un señor haciendo Tai Chi a las seis de la mañana.
322,Roja,Evento,El partido de la Vinotinto que para al país,"Oficinas vacías, calles muertas, todos rezándole al VAR."
323,Roja,Personajes,El que cuadra el carro mal estacionado,Deja el carro atravesado y un número para que 'lo llames'.
324,Roja,Guachafitas,El que graba el concierto entero por el teléfono y nunca lo vuelve a ver,Pagó la entrada para ver el show por una pantallita.
325,Roja,Musica,El calipso de El Callao en Carnaval,La única semana en que Bolívar olvida el oro por el ritmo.
326,Roja,Personajes,Tomás Rincón,Corre toda la cancha como si lo persiguiera la PTJ.
327,Roja,Comida,Un ron añejo con hielo y nada más,Echarle refresco es un crimen castigado por la sociedad.
328,Roja,Objetos,El carrito por puesto,El corcel colectivo que desafía el espacio y la cordura.
329,Roja,Lugares,Plaza Venezuela,Una fuente bonita rodeada de bocinas y groserías.
330,Roja,Evento,La caída del sistema en el banco,"La excusa desde 1998, sin regreso."
331,Roja,Dichos,"""Echarse fresco""","Relajarte sin preocuparte, con aire robado al vecino."
332,Roja,Personajes,El político en campaña,"Aparece cada cinco años, te da una gorra y una promesa."
333,Roja,Musica,El coro del colegio,Veinte niños desafinados rezando por que no se vaya la luz.
334,Roja,Espanto,El Ánima de Pica-Pica,"Te cumple el milagro, pero no preguntes cómo."
335,Roja,Comida,Una cerveza bien fría en la playa,El néctar glacial cuyo frío es cuestión de honor familiar.
336,Roja,Objetos,La olla arrocera con tapa amarrada,Amarrada con mecate desde 2009 y aún hace el arroz perfecto.
337,Roja,Lugares,La autopista Regional del Centro,"Tres horas para avanzar dos kilómetros. Los domingos, peor."
338,Roja,Evento,El bautizo que se vuelve fiesta hasta las 3 a.m.,Empezó con misa y terminó con el padrino bailando en la silla.
339,Roja,Dichos,"""Comerse un cable""",Pasar hambre extrema. Plato principal del mes de enero.
340,Roja,Personajes,El que llega tarde a todo,"Usa la hora venezolana, que no existe en ningún reloj."
341,Roja,Guachafitas,Pintar el frente de la casa y dejar los lados con el bloque pelado,"Por delante es Beverly Hills, por detrás es obra negra."
342,Roja,Musica,El reguetón sonando en la buseta a las 6 a.m.,El chofer decidió que tu silencio matutino no importa.
343,Roja,Espanto,El Ánima Sola,"'Yo te resuelvo, pero acuérdate de mí', versión espiritual."
344,Roja,Personajes,José Manuel Rey,Marcaba más pegado que un familiar pidiendo prestado.
345,Roja,Comida,El batido de parchita con leche,El néctar traicionero que seduce y castiga a cada sorbo.
346,Roja,Objetos,La cocina de kerosén de la abuela,Espera en el depósito el día que 'no haya gas'. Y explota.
347,Roja,Lugares,El Cementerio (la zona),"Un barrio llamado Cementerio, irónicamente vivito y coleando."
348,Roja,Evento,La playa en Semana Santa con medio país encima,Llegas a las 6am y la toalla del vecino ya toca la tuya.
349,Roja,Dichos,"""Estar pendiente del medio""",Vigilas la vida de todos menos la tuya. Talento de tía.
350,Roja,Personajes,El amigo que nunca tiene efectivo,Olvida la billetera justo cuando llega la cuenta.
351,Roja,Guachafitas,El que se aprende el baile de TikTok pero solo lo hace en bodas,Practicó dos meses encerrado para soltarlo en la boda.
352,Roja,Musica,La Billo's Caracas Boys,Tu abuelo jura que sonaba mejor que hoy. Y tiene razón.
353,Roja,Espanto,El Hombre Caimán,"Por espiar bañistas quedó mitad hombre, mitad caimán."
354,Roja,Personajes,Gabriel Cichero,Cara de pana que te fía hasta la quincena que nunca llega.
355,Roja,Comida,El marrón claro de la panadería,El café que pides cuando no sabes pedir café.
356,Roja,Dichos,"""Pasar más hambre que maestro de escuela""",Pobreza tan famosa que hasta tiene profesión asignada.
357,Roja,Personajes,La tía que pellizca los cachetes,Grita '¡qué grande está!' y te arranca media cara.
358,Roja,Guachafitas,Echarle limón a todo,Le echa limón a la pizza: 'así mata el bicho'.
359,Roja,Musica,La Dimensión Latina,"Volvió una fiesta de barrio orquesta, sin pedir permiso."
360,Roja,Espanto,La Cigua,Tiene los pies al revés para que no sepas por dónde se fue.
361,Roja,Personajes,Rafael Dudamel,Atajaba penales y críticas con la misma serenidad.
362,Roja,Comida,La cocada del playero,"'¡Cocada, cocadaaa!' es el himno oficial de la playa."
363,Roja,Objetos,El control remoto con teipe,Hay que apretarlo con fe y en ángulo exacto para que cambie.
364,Roja,Lugares,La panadería de la esquina,"'Me das un palito' es pan, y el café viene con noticia gratis."
365,Roja,Evento,El cumpleaños con torta de tres leches sudada,Sale del refri transpirando azúcar. Igual pides para llevar.
366,Roja,Personajes,El que pone la música a todo volumen en la madrugada,El que impone su son a todo un vecindario contra su voluntad.
367,Roja,Guachafitas,Comprar la torta «para la dieta» y comérsela parado frente a la nevera,Las calorías comidas de pie no cuentan. Es ciencia.
368,Roja,Musica,Un changa tuki sonando en el malandreo,Nació en el barrio y el mundo lo copió sin dar las gracias.
369,Roja,Espanto,El Pájaro del Mal Agüero,"Cante o no cante, algo malo va a pasar. Esto es Venezuela."
370,Roja,Personajes,Josef Martínez,Celebraba con un rugido más fuerte que tu estómago en ayuno.
371,Roja,Comida,La jalea de mango verde,Te duele la barriga pero igual pides 'una más'.
372,Roja,Objetos,El colador de media de café,"Nadie la limpia bien, pero hace el guayoyo más sabroso."
373,Roja,Lugares,El abasto del chino,"Tiene de todo, menos sencillo. 'No hay, jefe.'"
374,Roja,Dichos,"""Hablar paja""",Decir mucho y no decir nada. Especialidad del político.
375,Roja,Personajes,El cuñado opinador,"Opina de todo, pero nadie sabe en qué trabaja."
376,Roja,Guachafitas,El que llega tarde y de una se sirve como si hubiera ayudado a cocinar,"No picó ni una papa, pero agarra el plato más hondo."
377,Roja,Espanto,Juan Machete,Vendió el alma por ganado y terminó sin un solo becerro.
378,Roja,Personajes,Yeferson Soteldo,Gambetea rivales como tú esquivas al de las rifas.
379,Roja,Comida,El dulce de lechosa con clavitos,"Nadie lo pide, pero todos lo comen en diciembre."
380,Roja,Objetos,La perinola de palo,Tu tío la juega con la concentración de un cirujano.
381,Roja,Lugares,El mercado municipal,'A la orden mi amor' aunque tengas 80 años.
382,Roja,Evento,El paseo a Margarita pagado a plazos,Llevas dos años pagándolo y ni has hecho la maleta.
383,Roja,Personajes,El vendedor de empanadas de la playa,Te las vende calientes aunque tú estés sudando frío.
384,Roja,Guachafitas,Guardar el bombillo bueno y dejar prendido el malo «por si acaso»,"Lo bueno se guarda para nunca; lo malo, hasta que explote."
385,Roja,Musica,La novela de las 9 que paralizaba el país,"Antes de Netflix, nadie llamaba ni visitaba a esa hora."
386,Roja,Espanto,El Diablo de Yare,El único diablo que respeta el horario de misa.
387,Roja,Personajes,Wuilker Faríñez,Tapa todo menos las ganas del país de ir a un Mundial.
388,Roja,Comida,Los suspiros que se deshacen en la boca,La nube dulce que se desvanece dejando temblando los dientes.
389,Roja,Objetos,El trompo con la púa gastada,"Gira chueco desde que se dobló, pero lo defiendes con la vida."
390,Roja,Lugares,El terminal de pasajeros,El bus sale 'ya mismito' desde hace dos horas.
391,Roja,Evento,El día que sube el dólar y baja el ánimo,Abres el monitor paralelo y ya sabes: hoy comes sin lujo.
392,Roja,Dichos,"""Estar como el perro de las dos tortas""",No te decides entre dos y te quedas sin ninguna.
393,Roja,Personajes,El que se queda hablando en la puerta,"Dijo 'bueno, ya me voy' hace cuarenta minutos."
394,Roja,Guachafitas,El que cuenta el chiste y se ríe solo,Lleva diez minutos riéndose y nadie ha entendido nada.
395,Roja,Musica,Topacio,Tu abuela perdonaba todo con tal de que el galán la viera.
396,Roja,Personajes,Soledad Bravo,Cantaba tan fuerte que despertaba al que dormía en misa.
397,Roja,Comida,Las polvorosas que te ahogan,La galleta más seca del universo. Ten un vaso de agua cerca.
398,Roja,Lugares,La farmacia que tiene de todo menos lo que buscas,Tiene perfumes y peluches; tu pastilla 'justo se acabó'.
399,Roja,Evento,Comprar por encargo a la que «trae cosas de Miami»,Te trae hasta los repuestos del carro en la maleta de mano.
400,Roja,Dichos,"""Salir con un domingo siete""",Aparecerte con una sorpresa terrible y fuera de lugar.
401,Roja,Personajes,La reina de belleza del pueblo,Camina por la plaza saludando con la mano de la realeza.
402,Roja,Guachafitas,Vestirse completo de la marca pirata del mercado de Quinta Crespo,El 'Nike' con la palomita al revés. Orgullo nacional.
403,Roja,Musica,Cristal,"Madre perdida, un secreto y un final feliz de 200 capítulos."
404,Roja,Espanto,El Muerto que pide la cola,Se baja en el cementerio sin pagar el pasaje.
405,Roja,Personajes,Yordano,Más romántico que un 'buenos días' con gif de flor.
406,Roja,Comida,Una Susy a temperatura ambiente,Se derretía en la lonchera y manchaba el cuaderno.
407,Roja,Objetos,El papagayo de bolsa plástica,"Palitos, bolsa y cabuya, y volaba mejor que las compradas."
408,Roja,Lugares,El centro comercial con aire acondicionado polar,El refugio glacial que te obliga a abrigarte contra su ventisca.
409,Roja,Evento,La pichirre que cobra hasta el hielo en su fiesta,"Te invita, pero el hielo lo vende por cubito."
410,Roja,Dichos,"""Pagar el pato""",Cargar la culpa de algo que ni siquiera hiciste.
411,Roja,Personajes,El taxista filósofo,Te resuelve el país y el sentido de la vida en un trayecto.
412,Roja,Guachafitas,Tener el control remoto envuelto en una bolsa de pan,"Nadie sabe por qué, pero se respeta el plástico desde 1998."
413,Roja,Musica,Kassandra,Dicen que detuvo una guerra: todos querían saber el final.
414,Roja,Espanto,La luz que se mueve en el cementerio,La ciencia dice fósforo; tu tía dice que la ciencia no sabe.
415,Roja,Personajes,Franco De Vita,Sonaba en cada quinceañero y cada despecho del país.
416,Roja,Comida,Una Cocosette mordida en el recreo,La economía escolar entera giraba alrededor de ella.
417,Roja,Lugares,La parada del autobús bajo el sol,"No hay techo, no hay bus, pero sí un 'ya viene, ya viene'."
418,Roja,Dichos,"""Estar más pelado que rodilla de chivo""",Quiebra tan honda que ni el chivo alcanza para describirla.
419,Roja,Personajes,El arrocero,Nadie sabe quién lo invitó y ya baila con la tía.
420,Roja,Guachafitas,El que arregla la antena moviéndose por toda la sala hasta que «se ve»,Te toca quedarte en un pie como flamenco para que 'se vea'.
421,Roja,Musica,Por Estas Calles,Tan real que no sabías si veías la tele o la ventana.
422,Roja,Espanto,El encanto de la laguna,"Por eso mamá no te dejaba nadar solo, no era la digestión."
423,Roja,Personajes,Karina,Cantaba 'sálvame' como nosotros en la cola del pasaporte.
424,Roja,Comida,Un Toronto que te regalan el 24,"Nadie compra la caja, pero todos se la comen."
425,Roja,Objetos,El koala (la riñonera) del bachaquero,Banco ambulante a la cintura con la economía paralela.
426,Roja,Lugares,El parquero del centro,Te 'cuidó' sin pedírselo y cobra como valet de hotel.
427,Roja,Dichos,"""Coger los corotos""",Agarrar tus cosas e irte con un portazo épico.
428,Roja,Personajes,El abuelo que cuenta la misma historia,El patriarca cuya misma gesta se narra una y mil veces.
429,Roja,Guachafitas,Llevar el termo de tinto al estadio como si fuera oro líquido,Mete el café de la abuela escondido para no pagar el kiosco.
430,Roja,Musica,La Dama de Rosa,Sufría con tanta clase que tu mamá la imitaba hasta pa'l pan.
431,Roja,Espanto,El espíritu burlón del caserío,"El primo molestoso del más allá, sin sangre pero con la maña."
432,Roja,Personajes,Yolanda Moreno,Llevó el joropo a gente que no sabía qué era una alpargata.
433,Roja,Comida,Una Samba de fresa,La cremita siempre se pegaba al papelito. Lujo de los 90.
434,Roja,Objetos,La bombona de gas vacía,El tesoro codiciado que aguarda eternamente al camión salvador.
435,Roja,Lugares,La peluquería del barrio,El santuario del barrio donde se corta el pelo y se teje la vida.
436,Roja,Evento,El parrillero del barrio un sábado en la tarde,La chuleta 'ya va a estar' desde hace tres horas.
437,Roja,Dichos,"""Echarle agua al guarapo""",Aguar el entusiasmo ajeno con un comentario realista.
438,Roja,Guachafitas,El que se hace el sordo cuando le toca pagar la cuenta,El maestro de la evasión que desaparece al llegar la cuenta.
439,Roja,Personajes,Ali Primera,Sus canciones suenan más vigentes que el aumento del pasaje.
440,Roja,Comida,El queso de mano recién hecho,Se acaba antes de llegar a la nevera de tanto 'probar'.
441,Roja,Objetos,El tanque de agua en el techo,"Si suena a hueco al golpearlo, prepárate para el tobo."
442,Roja,Lugares,El liceo público,Aprendiste más en el receso que en cualquier aula.
443,Roja,Dichos,"""Quedar como un zapato""","La humillación total ante el mundo, sin retorno posible."
444,Roja,Personajes,El que vende cualquier cosa en el semáforo,El mercader del semáforo que ofrece el mundo entero en rojo.
445,Roja,Guachafitas,Mandar audios de cinco minutos para decir «ok»,Convierte un 'sí' en un podcast con '¿aló? ¿me escuchaste?'.
446,Roja,Musica,El llamado «¡Bomba!» del locutor de fiesta,El grito que avisa: suelta a tu pareja o abrázala más fuerte.
447,Roja,Personajes,Gualberto Ibarreto,Le cantaba a playas de Margarita que ya no podemos pagar.
448,Roja,Comida,La nevera llena de envases de mantequilla con sobras,Buscas mantequilla y encuentras caraotas de hace una semana.
449,Roja,Lugares,La playa de Higuerote,Tres horas de cola para una arena que ya conocías.
450,Roja,Evento,El patinatón navideño en la madrugada,"Misa de madrugada, patinas en la calle y desayunas con tetero."
451,Roja,Dichos,"""Echar un pollo""",Decir un disparate enorme con toda la seguridad del mundo.
452,Roja,Personajes,La señora del puesto de jugos naturales,Te exprime la naranja con brazo de hierro y todo el chisme.
453,Roja,Guachafitas,El abuelo que le baja el volumen a la novela para «ahorrar luz»,El sabio del ahorro que jura economizar bajando el sonido.
454,Roja,Musica,Un seis por derecho cantado a capela,Rezas para que no rimen tu nombre con algo vergonzoso.
455,Roja,Comida,La empanada de pabellón gigante,La obra magna que encierra un banquete entero en masa frita.
456,Roja,Objetos,El frasco de mayonesa relleno de caraotas,El de mayonesa guarda caraotas y todos mienten del contenido.
457,Roja,Lugares,Canaima,Tan prehistórico que esperas ver un dinosaurio asomarse.
458,Roja,Evento,La caraota refrita del desayuno,La reencarnación más sabrosa que ofrece la cocina criolla.
459,Roja,Dichos,"""Estar en olla de grillos""",El caos absoluto donde mil voces chocan sin sentido alguno.
460,Roja,Personajes,El que se mete en discusiones ajenas en Twitter,Pelea a las 2am por equipos que ni le pagan.
461,Roja,Guachafitas,Comprar el pollo entero y pelearse en la mesa por la rabadilla,El pedacito por el que familias enteras rompieron lazos eternos.
462,Roja,Personajes,Desorden Público,Décadas tocando 'Allá cayó' mientras aquí todo sigue cayendo.
463,Roja,Comida,Los pasteles andinos de la parada,Saben a viaje familiar y a curva peligrosa de montaña.
464,Roja,Objetos,El pote de Toddy reciclado,"Su segunda vida: harina, tornillos y ese 'por si acaso'."
465,Roja,Lugares,El Hatillo,"Postre carísimo, foto y artesanía que no necesitabas."
466,Roja,Evento,El corte de luz justo en el clímax de la novela,Se va la luz justo cuando van a revelar quién es el papá.
467,Roja,Dichos,"""Tener la sartén por el mango""",Estar en posición de mandar. El sueño de todo suegro.
468,Roja,Personajes,El pana que organiza el viaje pero nunca confirma,"Hizo el grupo, puso la fecha, y al final no fue ni él."
469,Roja,Guachafitas,El que se baña con la lámpara del teléfono porque se fue la luz,"Enjabonarse, alumbrar y rezar que el celular no caiga al tobo."
470,Roja,Personajes,Caramelos de Cianuro,'Las Estrellas' todavía suena en la rumba del cuarentón.
471,Roja,Comida,El pernil navideño,El tío lo cuida con cuchillo. Que Dios ampare al que llegue tarde.
472,Roja,Objetos,La lata de galletas con costura,La trampa más cruel: el cofre de dulces lleno de costura.
473,Roja,Lugares,La cima del Pico Bolívar,Todos presumen que llegaron; casi nadie aguantó el frío.
474,Roja,Evento,La pelea por el control remoto del béisbol,La abuela exige su novela en pleno noveno inning.
475,Roja,Dichos,"""Más viejo que el frío""",Tan viejo como el chiste que tu tío repite cada Navidad.
476,Roja,Personajes,El que se baña los domingos por la mañana cantando,Vuelve la regadera un teatro y la cuadra sufre las baladas.
477,Roja,Guachafitas,Decir «ya casi llego» desde la cama sin haberse levantado,Mide las distancias en mentiras: sigue en la cama.
478,Roja,Musica,El himno del equipo sonando en el estadio,El coro de treinta mil almas que estremece el estadio entero.
479,Roja,Personajes,Nelson Arrieta,Suena en cada mall junto al olor a hallaca y a deuda.
480,Roja,Comida,El pan de jamón con pasas y aceitunas,Media familia lo ama; la otra le hace cirugía a las pasas.
481,Roja,Objetos,El secador de pelo usado como soplador de parrilla,"Cuando el carbón no prende, entra el secador de tu hermana."
482,Roja,Lugares,El abasto a las once de la noche,"Con la santamaría a medio cerrar, pero dispuesto a salvarte."
483,Roja,Dichos,"""Dar la cara""",Asumir la culpa cuando todo se complicó. Casi extinto.
484,Roja,Personajes,El que se acuesta en la grama del parque a las 6 a.m.,Se toma la foto estirando y desaparece hasta el 1 de enero.
485,Roja,Guachafitas,El que le echa la culpa al perro de los ruidos en la cama,"'Fue Firulais', jura, mientras el perro lo mira ofendido."
486,Roja,Musica,La gaita que le hicieron a la maestra del colegio,En diciembre hasta el perro de la esquina merece su gaita.
487,Roja,Personajes,Ricardo Aguirre,El monumento de la gaita cuyo canto es plegaria en todo Zulia.
488,Roja,Comida,La ensalada de gallina de diciembre,"Papa, pollo y mayonesa en una ponchera tamaño lavamanos."
489,Roja,Objetos,El cauchito de la lavadora amarrado al portón,Una liga gruesa cierra el portón mejor que candado importado.
490,Roja,Lugares,La cola del cajero automático,Por fin te toca y dice 'fuera de servicio'. Fe ciega.
491,Roja,Evento,El mototaxi esquivando huecos como en un videojuego,Conoce cada hueco como tu mamá conoce tus mentiras.
492,Roja,Dichos,"""Estar entre la espada y la pared""","Atrapado entre dos males, como cuando mamá y novia pelean."
493,Roja,Personajes,El que se sabe toda la novela,Te cuenta el final antes y se ofende si no te emocionas.
494,Roja,Guachafitas,Guardar el dinero en la media o en el sostén en vez del banco,"La banca más segura del país: cero comisiones, máxima confianza."
495,Roja,Musica,Un bolero a la medianoche con luz de vela,Romántico hasta que recuerdas que la vela es por el apagón.
496,Roja,Personajes,Guaco,60 años sonando y nadie sabe cuántos integrantes tiene.
497,Roja,Comida,El ponche crema casero,El néctar traicionero que embriaga con dulzura de terciopelo.
498,Roja,Objetos,La sábana de Hello Kitty del tío de 50 años,"Nadie sabe cómo llegó, pero es la más fresquita y la defiende."
499,Roja,Lugares,El kiosco de revistas y chucherías,"Cigarros sueltos, recargas y consejos no pedidos sobre el país."
500,Roja,Evento,La caída de la señal del cable en pleno juego,"Bases llenas, dos outs, y la pantalla se congela. Grito general."
501,Roja,Dichos,"""Echarse el muerto""",Asumir la culpa de un problema ajeno por pura mala suerte.
502,Roja,Personajes,La maestra de preescolar,"Aguanta cuarenta carajitos, tres mocos y un vómito, y sonríe."
503,Roja,Guachafitas,El que pone la silla en la cola para «guardar el puesto» y desaparece,"Dejó una silla y un primo de testigo, y volvió tres horas después."
504,Roja,Musica,El joropo del acto cultural escolar,Se sabía el zapateo mejor que las tablas de multiplicar.
505,Roja,Personajes,Felipe Pirela,El bolerista de América cuya voz rendía al corazón más duro.
506,Roja,Comida,Las hallacas que sobran hasta febrero,La hallaca inmortal que sobrevive congelada hasta la primavera.
507,Roja,Objetos,El cooler azul con la tapa rota,"Pierde el hielo en dos horas, pero lo cargas por tradición."
508,Roja,Lugares,La carnicería del barrio,Te 'rebaja' el cuerito pero te pesa la grasa. Siempre.
509,Roja,Evento,El sobón que te pasa el brazo por encima en el metro,Vagón repleto y un desconocido más pegado que tu sombra.
510,Roja,Dichos,"""Calentar la oreja""",Susurrar malas ideas hasta que el otro hace lo que no quería.
511,Roja,Personajes,El que llega a la reunión solo a comer,"No pone un bolívar, pero pide 'un pedazo grande' de primero."
512,Roja,Guachafitas,Manejar la moto con toda la familia y el mercado encima,El motorizado que carga imperios desafiando toda ley física.
513,Roja,Personajes,Trino Mora,Rockeaba cuando eso era casi un acto de rebeldía nacional.
514,Roja,Objetos,El termómetro de mercurio que se sacude,"Si se rompía, jugabas con las bolitas plateadas. Tóxico."
515,Roja,Lugares,El Centro de Caracas (casco histórico),Hasta los próceres de bronce bajarían a quejarse de la cola.
516,Roja,Evento,La feria del pueblo con calesita y algodón de azúcar,Un toro mecánico que nadie aguanta más de tres segundos.
517,Roja,Dichos,"""Estar como caballo de coleo""","Nervioso y alborotado, listo para salir corriendo."
518,Roja,Personajes,El fanático del béisbol que insulta al televisor,Grita instrucciones al mánager desde el mueble.
519,Roja,Guachafitas,El que se sabe la letra del himno cambiada por groserías desde el liceo,La versión del recreo que aún se le escapa el 5 de julio.
520,Roja,Personajes,Corina Smith,Pasó de YouTube al escenario: el talento criollo sí sube.
521,Roja,Comida,Una empanada de carne mechada en la playa,"Grasienta, en una servilleta que se transparenta. Madrugaste."
522,Roja,Objetos,La plancha de hierro fundido,La usabas y de paso ejercitabas el brazo. Indestructible.
523,Roja,Lugares,El estadio Universitario,"Cerveza tibia, hot dog con todo y un narrador que sabe tu nombre."
524,Roja,Evento,El primer aguacero que inunda toda la calle,Llovió diez minutos y la avenida ya es un río.
525,Roja,Dichos,"""Meter la pata hasta el fondo""","No un error sencillo, sino una obra maestra de metida de pata."
526,Roja,Personajes,El que arregla todo con alambre y teipe,Lo 'arregla' hasta que se vuelve a romper. Sin título.
527,Roja,Guachafitas,Echarse perfume encima en vez de bañarse cuando se va el agua,Tres rociadas de colonia y pa'la calle como si nada.
528,Roja,Personajes,Lasso,'Ojalá' la dedicaste a alguien que ya ni se acuerda de ti.
529,Roja,Comida,El sándwich de mortadela del recreo,"Pan, mortadela y nada más. Igual sabroso."
530,Roja,Objetos,El radio de pilas que solo agarra una emisora,Da igual lo que quieras: solo pega la emisora llanera.
531,Roja,Lugares,La cola del peaje,"Avanzas un metro cada media hora, y alguien se cuela inocente."
532,Roja,Evento,La visita médica de la tía que llega con remedios caseros,"Para todo tiene una hoja, un brebaje o un té amargo."
533,Roja,Dichos,"""Sacarle el cuerpo""",Esquivar una responsabilidad como torero asustado.
534,Roja,Personajes,La doña que vende dulces criollos en la ventana de su casa,"Jalea, conserva y besitos de coco: huele a infancia."
535,Roja,Guachafitas,El que pide la cuenta «dividida» y empieza a sacar la calculadora del impuesto,"'Yo solo tomé dos refrescos', dice el que comió tres parrillas."
536,Roja,Musica,El cañonazo de fin de año en la radio,Existe solo para brindar con gente que no ves desde hace un año.
537,Roja,Personajes,Micro TDH,Canta del amor mientras tú haces playback frente al espejo.
538,Roja,Comida,Un raspado de cola con leche condensada,Sirope fosforescente que te pinta la lengua y la conciencia.
539,Roja,Lugares,La playa de Cata,El mar te revuelca dos veces antes de dejarte salir con respeto.
540,Roja,Evento,"El domingo de misa, almuerzo y siesta sagrada","Después de la siesta, nadie es responsable de sus actos."
541,Roja,Dichos,"""Tener un Guayabo""","Nostálgico y triste por un amor, con vallenato de fondo."
542,Roja,Personajes,El pana que se duerme en toda fiesta,A las 11 ya ronca en el mueble con el plato en la mano.
543,Roja,Guachafitas,"Usar la franela vieja como trapo, pijama y luego de gala según la ocasión","Era de salir, pasó a dormir, terminó secando el carro."
544,Roja,Musica,Un tema de Yordano para llorar con elegancia,"Para sufrir, pero con clase y buena producción."
545,Roja,Personajes,Big Soto,Rapea de billetes verdes que aquí solo vemos en el paralelo.
546,Roja,Comida,La tizana en el cumpleaños,"Postre y bebida en un solo vaso, servido con cucharón."
547,Roja,Objetos,La bicicleta 'cross' sin frenos,Se frenaba con la suela o contra la pared del vecino.
548,Roja,Lugares,El centro comercial Sambil,'Nos vemos en el Sambil' es dirección válida en todo el país.
549,Roja,Evento,La rifa del trabajo que nunca entrega el premio,El premio se lo ganó la sobrina de la organizadora. Casualidad.
550,Roja,Dichos,"""Echar leña al fuego""",Empeorar la pelea ajena por entretenimiento. El primo metiche.
551,Roja,Personajes,El que maneja con una mano y come con la otra,"Hamburguesa, teléfono al hombro, y aún te toca corneta."
552,Roja,Guachafitas,El que pregunta «¿y eso qué es?» en el menú y termina pidiendo lo de siempre,Estudia toda la carta y al final pide pollo con tajadas.
553,Roja,Personajes,Danny Ocean,'Me rehúso' que media diáspora lloró en algún aeropuerto.
554,Roja,Comida,El pollo en brasa del domingo,El almuerzo de quien no quiso cocinar y nadie lo juzga.
555,Roja,Objetos,El abrigo que solo se usa una vez al año en Mérida,Vive en el closet esperando ese único viaje al páramo.
556,Roja,Evento,El profesor que llega tarde pero igual pasa lista,"Entra a los 40 minutos, no da clase, pero pasa lista."
557,Roja,Personajes,El locutor de radio AM de la madrugada,Voz de terciopelo que dedica baladas a doña Carmen de Petare.
558,Roja,Guachafitas,Tener una matica sembrada en una lata de leche Klim oxidada,"Ahí crece sábila, orégano y la bendición de la vecina."
559,Roja,Personajes,Catherine Fulop,"Más argentina que el dulce de leche, pero sigue diciendo 'chamo'."
560,Roja,Comida,Las arepas fritas con queso amarillo,Cuando hay flojera se fríen. Peligrosas y deliciosas.
561,Roja,Objetos,La franela de la promoción que ya no te queda,Te quedaba flojita en 5to año y hoy no pasa de los hombros.
562,Roja,Lugares,El barrio 23 de Enero,Una vista de la ciudad que cuesta cada peldaño de la escalera.
563,Roja,Evento,La cola para sacar el pasaporte que parece interminable,Cita para dentro de un año y aún así no apareces en el sistema.
564,Roja,Dichos,"""Hacerle el feo a la comida""",Despreciar el plato delante de quien lo cocinó. Pecado mortal.
565,Roja,Personajes,El que se cree DJ con la corneta del carro,Baja las ventanas para presumir buen gusto. Spoiler: no lo tiene.
566,Roja,Guachafitas,El que se duerme en la película y jura que «solo cerró los ojos un ratico»,Roncó toda la trama y pregunta '¿y quién era el malo?'.
567,Roja,Personajes,Ruddy Rodríguez,Medio país llegaba temprano a casa solo por verla.
568,Roja,Comida,El perico para el desayuno,El desayuno que se hace en cinco minutos con lo que aparezca.
569,Roja,Objetos,El vaso de Mickey Mouse del McDonald's,Coleccionable noventero ascendido a vajilla oficial de la casa.
570,Roja,Lugares,La lavandería del barrio,'Mañana a las dos' y nunca está lista a las dos.
571,Roja,Evento,El pana que pide la cola y termina manejando él,Pidió el aventón y terminaste de copiloto en tu propio carro.
572,Roja,Dichos,"""Llevarse a alguien por delante""",Atropellar a todos por andar apurado y sin mirar a nadie.
573,Roja,Personajes,La señora que reza el rosario en el autobús,Encomienda el viaje a todos los santos: conoce al chofer.
574,Roja,Guachafitas,Llevar la nevera de anime a la playa más llena de cervezas que de hielo,El hielo se derrite en dos horas y las tomas como agua bendita.
575,Roja,Personajes,Coraima Torres,Hay gente en Serbia que aprendió español viéndola sufrir.
576,Roja,Comida,El casabe con suero,"Truena al partirla; con suero salado, manjar prehispánico."
577,Roja,Objetos,La cartera de tu mamá que tiene de todo,"Pañitos, aspirinas, una factura del 2015 y las llaves que no halla."
578,Roja,Lugares,El Saladillo de Maracaibo,"Aquí juran que se inventó el patacón, el queso y la alegría."
579,Roja,Dichos,"""Estar en el aire""",Nada resuelto ni decidido. El estado del venezolano promedio.
580,Roja,Personajes,El que pregunta «¿y a cómo está el dólar?» en cada conversación,"Actualiza la tasa antes que el propio paralelo, sin que preguntes."
581,Roja,Guachafitas,El que arregla los lentes rotos con teipe y sigue su vida normal,"Tres vueltas de teipe, ladeadita permanente y cero gasto."
582,Roja,Personajes,Gabriela Spanic,Jugó a la gemela buena y la mala con dedicación de premio.
583,Roja,Comida,Una catalina con café,No le digo de otra forma porque... tú sabes.
584,Roja,Objetos,El llavero con quince llaves de puertas que ya no existen,El manojo de llaves de puertas fantasma que nadie osa desechar.
585,Roja,Lugares,La carretera vieja Caracas-La Guaira,Del que no paga autopista pero sí quiere marearse.
586,Roja,Dichos,"""Echar un cuento""",Tan elaborada que ni tú recuerdas qué parte fue verdad.
587,Roja,Personajes,El pana que se ofrece a ayudar en la mudanza y desaparece,Llega cuando ya subiste la nevera y se va con la pizza.
588,Roja,Guachafitas,Anunciar que vas a dejar de tomar todos los lunes del año,El lunes dura hasta el '¿nos echamos una fría?' de las cuatro.
589,Roja,Personajes,Lupita Ferrer,Llegó a Hollywood cuando 'soñar en grande' era ilegal por escaso.
590,Roja,Comida,Los chicharrones de la carretera,Sin nevera y sin remordimiento. Rezas que el estómago aguante.
591,Roja,Objetos,El espejo retrovisor amarrado con alambre,Perdió el retrovisor en 2018 y sobrevive con alambre y fe.
592,Roja,Lugares,El abasto que fía,'Anótamelo en la libreta': contrato más serio que un banco.
593,Roja,Evento,La cena navideña que empieza a la 1 a.m.,Comes la hallaca de madrugada y nadie apura a la abuela.
594,Roja,Dichos,"""Quedarse en el sitio""",Sorprenderte tanto que el cuerpo deja de funcionar un rato.
595,Roja,Personajes,Jean Carlo Simancas,Enamoraba a tres generaciones de tías con una sola mirada.
596,Roja,Comida,Una arepa 'pelúa' rebosada,Carne mechada y queso rallado como melena. El nombre lo explica.
597,Roja,Objetos,La cornetica del Polar Ice en la cava de playa,Su sonido anuncia al vendedor. Sagrado bajo el sol.
598,Roja,Evento,El regateo en el mercado municipal,Duelo por dos bolívares y compras de más 'porque me cayó bien'.
599,Roja,Dichos,"""Ponerse las pilas""","Espabilarse en serio, generalmente cuando ya es tarde."
600,Roja,Personajes,La cajera del supermercado que pide cambio,Te pide 'el sencillo' como si fuera tu culpa que no haya monedas.
601,Roja,Personajes,Carlos Mata,Tenía a las señoras suspirando y a los esposos celosos del TV.
602,Roja,Comida,El Tequeñón,Tequeño tamaño familiar que comes en media hora.
603,Roja,Objetos,El ventilador de techo que tiembla,Lleva 20 años amenazando con caerse y nunca cumple.
604,Roja,Lugares,El ambulatorio del barrio,El templo de la salud donde la espera cura más que el diagnóstico.
605,Roja,Evento,El motorizado que te entrega el pedido frío,El mensajero cuyo 'recién salido' lleva una hora enfriándose.
606,Roja,Dichos,"""Estar más perdido que cochino en feria""",Desorientado y sin saber que eres el plato principal.
607,Roja,Personajes,El que llega de Estados Unidos hablando medio inglés,Tres meses en Doral y ya olvidó cómo se dice 'cola'.
608,Roja,Objetos,El cuaderno Caribe forrado con plástico transparente,Forrarlo sin burbujas separaba a los pulcros de los desastres.
609,Roja,Lugares,La parada de los 'piratas',Carro lleno hasta el mecate y un chofer que maneja perseguido.
610,Roja,"Acciones","Andar en pelotas","El regreso sagrado al estado en que los dioses te crearon."
611,Roja,"Acciones","Lavar el baño","La penitencia doméstica que purifica el alma y las baldosas."
612,Roja,"Acciones","Bañarse con totumita","Aseo manual practicado cuando falla el suministro de agua."
613,Roja,"Acciones","Llorar en la ducha","El llanto secreto que solo las tuberías se atreven a oír."
614,Roja,"Acciones","Mentir en el currículum","Exageración deliberada de méritos en un documento formal."
615,Roja,"Acciones","Espiar a la ex en redes","Revisión compulsiva de perfiles de una relación terminada."
616,Roja,"Acciones","Fingir una llamada para escapar","La actuación heroica que libera al cautivo de la charla eterna."
617,Roja,"Acciones","Dejar en visto","La crueldad suprema sellada por dos palomitas azules."
618,Roja,"Acciones","Cantar en el carro","El concierto sagrado donde el semáforo es el único testigo."
619,Roja,"Acciones","Comerse el último pedazo y negarlo","El crimen perfecto que ninguna cámara logró capturar."
620,Roja,"Acciones","Bailar solo en la sala","La danza secreta que ningún mortal debía presenciar jamás."
621,Roja,"Acciones","Hablar mal del jefe en el baño","El confesionario corporativo donde la verdad por fin se libera."
622,Roja,"Acciones","Prometer la dieta el lunes","El juramento eterno que ningún lunes ha visto cumplirse."
623,Roja,"Acciones","Stalkear al crush","Vigilancia digital minuciosa del objeto de deseo."
624,Roja,"Acciones","Ghostear a alguien","El acto de esfumarse como espectro sin dejar rastro ni recibo."
625,Roja,"Acciones","Postear la vida perfecta que no tienes","Publicación de una realidad idealizada e inexistente."
626,Roja,"Acciones","Aceptar términos sin leerlos","Lo que todos hacemos alguna vez."
627,Roja,"Acciones","Dormirse en misa","El descanso sagrado que el sermón mismo bendijo sin querer."
628,Roja,"Acciones","Reírse en el momento inoportuno","La traición del cuerpo que estalla en pleno velorio."
629,Roja,"Acciones","Contestar ""jajaja"" sin reírte","La cortesía vacía que sostiene el imperio de la conversación."
630,Roja,"Acciones","Cancelar planes para quedarte en cama","La victoria silenciosa del introvertido sobre el mundo exterior."
631,Roja,"Acciones","Buscar tu nombre en Google","El ego con conexión a internet en busca de su reflejo."
632,Roja,"Acciones","Devorar la nevera a medianoche","La cacería sagrada que ninguna dieta logra detener."
633,Roja,"Acciones","Escribir un tweet y borrarlo","Redacción y eliminación de una publicación no enviada."
634,Roja,"Acciones","Fingir que ya casi terminas el trabajo","Declaración falsa de progreso laboral avanzado."
635,Roja,"Acciones","Reciclar la excusa de siempre","El clásico inmortal que nunca pasa de moda ni convence."
636,Roja,"Acciones","Fingir que sabes de vinos","El falso sommelier que jura hallar nobleza en cada trago."
637,Roja,"Acciones","Aplaudir cuando aterriza el avión","Por favor... No lo hagan."
638,Roja,"Acciones","Guardar cables que ya no sirven","Conservación de accesorios electrónicos obsoletos."
639,Roja,"Acciones","Discutir con desconocidos en internet","El deporte extremo sin premio que libra el aburrido."
640,Roja,"Acciones","Comprar cosas en oferta que no necesitas","El ahorro glorioso que termina costando la quincena entera."
641,Roja,"Acciones","Fingir demencia cuando toca pagar","Simulación de olvido al momento de cubrir una cuenta."
642,Roja,"Acciones","Ver ""un solo capítulo"" y terminar la temporada","El engaño del ""solo uno"" que devora la noche completa."
643,Roja,"Acciones","Sacar la basura en pijama","La misión relámpago donde la dignidad es opcional."
644,Roja,"Acciones","Hacerte el dormido para no responder","Simulación de sueño para evadir una obligación."
645,Roja,"Acciones","El insomnio a las 3 a.m.","Mientras no sea a las 3:33 AM todo bien."
646,Roja,"Acciones","Prometer que vas al gym mañana","El mañana prometido que jamás ha llegado a amanecer."
647,Roja,"Acciones","Tomarte cien fotos para subir una","Captura excesiva de imágenes para una sola publicación."
648,Roja,"Acciones","Escuchar el mismo audio cinco veces","Chamo, ¿Por qué no pueden escribir?"
649,Roja,"Acciones","Fingir que el wifi se cayó","El escape moderno que libera al alma de toda videollamada."
650,Roja,"Acciones","Poner la alarma y no levantarte","Programar un despertador para luego ignorarlo por completo."
651,Roja,"Acciones","Comer parado frente a la nevera","La gastronomía de la desesperación a puerta abierta."
652,Roja,"Acciones","Guardar el vaso ""para después""","Conservación de un recipiente usado para reutilizarlo."
653,Roja,"Acciones","Contar un chiste que nadie entiende","El comediante solitario ante una audiencia eternamente hostil."
654,Roja,"Acciones","Perder horas escogiendo qué ver","Dilación prolongada en la selección de contenido."
655,Roja,"Acciones","Ensayar la pelea en la ducha","Practicar un argumento imaginario durante el aseo."
656,Roja,"Acciones","Prometer secreto y contarlo de una","Jurar discreción e incumplirla de inmediato."
657,Roja,"Acciones","Fingir que trabajas cuando pasa el jefe","Simular productividad ante la presencia del superior."
658,Roja,"Acciones","Comprar libros que nunca leerás","Tu y yo estamos claros."
659,Roja,"Acciones","Llorar con propaganda de seguros","Reacción emotiva ante un anuncio comercial."
660,Roja,"Personales","Mi autoestima","El castillo en ruinas que se reconstruye cada mañana."
661,Roja,"Personales","Mi cuenta bancaria","El abismo numérico que da vértigo con solo mirarlo."
662,Roja,"Personales","Mi vida amorosa","Historial sentimental de escasa actividad reciente."
663,Roja,"Personales","Mis decisiones a las 3 a.m.","Elecciones tomadas en horario de bajo juicio."
664,Roja,"Personales","Mi fuerza de voluntad","La heroína que se rinde apenas aparece un postre."
665,Roja,"Personales","Mi paciencia en el tráfico","Tolerancia que se agota antes de la primera cola."
666,Roja,"Personales","Mi cuerpo después de los 30","El templo antiguo cuyas columnas empiezan a crujir."
667,Roja,"Personales","Mis notas de bachillerato","Registro académico que se prefiere mantener oculto."
668,Roja,"Personales","Mi memoria para pagar deudas","La amnesia conveniente que borra justo lo que se debe."
669,Roja,"Personales","Mi historial de búsqueda","La verdad prohibida que jamás debe salir a la luz."
670,Roja,"Personales","Mis amigos","Con amigos así, ¿para qué enemigos?"
671,Roja,"Personales","Mi ex","El capítulo cerrado que insiste en resucitar de noche."
672,Roja,"Personales","Mi paz mental","La especie en peligro de extinción que todos cazan."
673,Roja,"Personales","Mi dieta","Régimen alimenticio en estado de pausa indefinida."
674,Roja,"Personales","Mi productividad los lunes","Rendimiento laboral de nivel históricamente bajo."
675,Roja,"Personales","Mis planes de fin de semana","La gran gesta que muere apagada frente al sofá."
676,Roja,"Personales","Mi relación con el dinero","Vínculo financiero de carácter complicado y tenso."
677,Roja,"Personales","Mi capacidad de ahorro","Aptitud para reservar recursos, de existencia dudosa."
678,Roja,"Personales","Mi vida social","La agenda vacía que se exhibe con inexplicable orgullo."
679,Roja,"Personales","Mi paciencia con la familia en diciembre","Tolerancia parental sometida a prueba anual extrema."
680,Roja,"Personales","Mi salud mental en época de exámenes","Estado psicológico deteriorado durante evaluaciones."
681,Roja,"Personales","Mi orgullo","Lo último que suelto, aunque el barco entero se hunda."
682,Roja,"Personales","Mi grupo de WhatsApp familiar","El reino del caos gobernado por cadenas de bendiciones."
683,Roja,"Personales","Mis ganas de trabajar el viernes","Motivación laboral en punto crítico de ausencia. Similar al lunes."
684,Roja,"Personales","Mi sentido de la orientación","Capacidad de ubicación espacial notablemente deficiente."
685,Roja,"Personajes","Simón Bolívar","Todos somos hijos de este señor... Literal"
686,Roja,"Personajes","Elon Musk","El titán que sueña con morir en Marte por puro deporte."
687,Roja,"Personajes","Ibai Llanos","*Risa indiscutible* Pero increíblemente cómica."
688,Roja,"Personajes","Cleopatra","La soberana que hundía imperios con una sola mirada."
689,Roja,"Personajes","Albert Einstein","El sabio de cabello rebelde que dobló el espacio y el tiempo."
690,Roja,"Personajes","Cristiano Ronaldo","SIUUUUUUUU!"
691,Roja,"Personajes","Lionel Messi","Anda pa ashaa' bobo"
692,Roja,"Personajes","Shakira","Las caderas que, según consta, jamás han sabido mentir."
693,Roja,"Personajes","Bad Bunny","El conejo que reina sobre el mundo sin pedir permiso."
694,Roja,"Personajes","Taylor Swift","La que convierte cada despecho en un imperio de millones."
695,Roja,"Personajes","La NASA","Los que gastan billones para confirmar que estamos solos."
696,Roja,"Personajes","El Papa","El único influencer con línea directa y sagrada al cielo."
697,Roja,"Personajes","Napoleón","El pequeño gigante que quiso el mundo entero para sí."
698,Roja,"Personajes","Steve Jobs","El profeta del suéter negro y la manzana mordida."
699,Roja,"Personajes","Mark Zuckerberg","El que aprendió a fingir humanidad con notable esfuerzo."
700,Roja,"Personajes","Bill Gates","El que primero te vende el sistema y luego te cura del virus."
701,Roja,"Personajes","Michael Jackson","El rey que desafió la gravedad con un guante brillante."
702,Roja,"Personajes","Freddie Mercury","La voz que rasgó el cielo en cuatro octavas gloriosas."
703,Roja,"Personajes","Beethoven","El sordo que le dictó sinfonías eternas al silencio."
704,Roja,"Personajes","Leonardo da Vinci","El que lo sabía todo y casi nunca terminaba nada."
705,Roja,"Personajes","Gandhi","El flaco que derrotó a un imperio sin lanzar un golpe."
706,Roja,"Personajes","Nikola Tesla","El genio que murió pobre inventando el futuro para otros."
707,Roja,"Personajes","Marie Curie","La que domó la radiación y pagó el precio con su vida."
708,Roja,"Personajes","Frida Kahlo","El dolor convertido en obra maestra, con cejas y todo."
709,Roja,"Personajes","Che Guevara","El rostro que terminó estampado en un millón de camisetas."
710,Roja,"Personajes","Diego Maradona","El dios pecador que anotó con la mismísima mano de Dios."
711,Roja,"Personajes","Pelé","El rey que elevó el fútbol a la categoría de arte sagrado."
712,Roja,"Personajes","Muhammad Ali","El que flotaba como mariposa y picaba como abeja."
713,Roja,"Personajes","Mr. Beast","El mecenas moderno que reparte millones por cada vista."
714,Roja,"Personajes","Keanu Reeves","El único elegido del que ningún mortal habla mal."
715,Roja,"Personajes","La Roca","La ceja que, con solo alzarse, mueve imperios de cine."
716,Roja,"Personajes","Kim Kardashian","La que se hizo famosa por ser famosa, y venció."
717,Roja,"Personajes","Donald Trump","El que tuiteaba más rápido de lo que lograba gobernar."
718,Roja,"Personajes","Barack Obama","El que hizo ver fácil gobernar con un traje impecable."
719,Roja,"Personajes","Michael Jordan","El que convirtió una cancha en un templo de religión."
720,Roja,"Personajes","LeBron James","El rey que se negó rotundamente a dejar de reinar."
721,Roja,"Personajes","Serena Williams","La única reina que jugaba tenis en serio."
722,Roja,"Personajes","Snoop Dogg","El que fuma tranquilo mientras el mundo entero arde."
723,Roja,"Personajes","Rihanna","La que dejó de cantar y siguió más rica que nunca."
724,Roja,"Personajes","Beyoncé","La reina que ya no necesita ni siquiera un apellido."
725,Roja,"Personajes","Drake","El que consigue llorar hasta dentro de un jet privado."
726,Roja,"Personajes","Speed","El grito viviente que un día rompió el internet entero."
727,Roja,"Personajes","Neymar","El que cae siete veces y se levanta ocho para reclamar."
728,Roja,"Personajes","Julio Iglesias","El galán que cuenta más amores que canciones grabadas."
729,Roja,"Personajes","Los Beatles","Los cuatro que le pusieron banda sonora a todo un siglo."
730,Roja,"Situaciones","Quedarse sin batería al 1%","""Y lo usare solo para decirte lo mucho que lo siento""."
731,Roja,"Situaciones","El grupo del trabajo a las 11 p.m.","La invasión sin tregua que no respeta descanso ni domingo."
732,Roja,"Situaciones","La videollamada donde nadie prende la cámara","El aquelarre de fantasmas que se reúnen sin rostro."
733,Roja,"Situaciones","El ""te leí pero no contesté""","Confesión de lectura sin respuesta a un mensaje."
734,Roja,"Situaciones","Buscar el control que tienes en la mano","El misterio doméstico que ninguna mente logra resolver."
735,Roja,"Situaciones","El cargador que solo funciona en cierto ángulo","La física cuántica de bolsillo que exige fe y paciencia."
736,Roja,"Situaciones","La contraseña que olvidaste al segundo","La amnesia digital que ataca justo al momento de guardarla."
737,Roja,"Situaciones","La actualización que dañó lo que servía","El progreso glorioso que decidió retroceder sin avisar."
738,Roja,"Situaciones","El ""cargando..."" eterno","El purgatorio moderno encarnado en una barra de progreso."
739,Roja,"Situaciones","Aceptar las galletas para que se calle la página","La rendición inmediata ante el pop-up implacable."
740,Roja,"Situaciones","El influencer que te vende humo","El mercader de la nada con excelente iluminación."
741,Roja,"Situaciones","La reunión que pudo ser un correo","Encuentro laboral cuyo contenido cabía en un mensaje."
742,Roja,"Situaciones","El corrector que cambia la palabra por otra peor","Juro que ahi decía fruta"
743,Roja,"Situaciones","Los mil tabs abiertos ""por si acaso""","El museo interminable de las buenas intenciones digitales."
744,Roja,"Situaciones","El wifi del café que no carga nada","Conexión pública de rendimiento prácticamente nulo."
745,Roja,"Situaciones","El ""escribiendo..."" que aparece y desaparece","La tortura psicológica servida en tiempo real."
746,Roja,"Situaciones","La foto grupal donde todos salen mal menos uno","El sacrificio fotográfico de muchos por la gloria de uno."
747,Roja,"Situaciones","El pago que ""está procesando"" desde ayer","Transacción financiera en estado pendiente prolongado."
748,Roja,"Situaciones","La suscripción que olvidaste cancelar","La sangría mensual invisible que nadie logra detener."
749,Roja,"Situaciones","Explicarle el meme a quien no lo entendió","Nah, ya pa que'"
750,Roja,"Situaciones","El ""recuerdos de hace 5 años""","La emboscada emocional que la nube tiende sin piedad."
751,Roja,"Situaciones","Un mensaje para tu crush totalmente ignorado","La puñalada silenciosa asestada con impecable estilo."
752,Roja,"Situaciones","El ""solo cinco minutos más""","La mentira sagrada que se repite tres veces cada mañana."
753,Roja,"Situaciones","La compra impulsiva a las 2 a.m.","La decisión que el amanecer contempla con horror."
754,Roja,"Situaciones","La llamada de número desconocido","El suspenso telefónico sin tráiler, avales ni garantías."
755,Roja,"Situaciones","El GPS que te manda por la peor ruta","El guía traicionero de voz amable y pésimo criterio."
756,Roja,"Situaciones","Perder el hilo de por qué abriste el teléfono","La amnesia instantánea que define a la era digital."
757,Roja,"Situaciones","El grupo de estudio que solo manda memes","La productividad en ruinas coronada por la risa eterna."
758,Roja,"Situaciones","El botón de ""comprar ahora""","El gatillo fácil que dispara directo a la ruina."
759,Roja,"Situaciones","La notificación en pleno cine","El delator luminoso que enfurece a toda la sala."
760,Roja,"Lugares","La ONU","El club mundial donde nadie logra ponerse de acuerdo."
761,Roja,"Lugares","Netflix","El que sube el precio y baja el catálogo con descaro."
762,Roja,"Lugares","Google","El que sabe de ti más que tu propia y santa madre."
763,Roja,"Lugares","Amazon","La caja que llega a tu puerta antes de que la pidas."
764,Roja,"Lugares","TikTok","El agujero negro que se tragó tu tarde sin dejar rastro."
765,Roja,"Lugares","La Torre Eiffel","El fierro que a fuerza de existir se volvió símbolo del amor."
766,Roja,"Lugares","Wall Street","El casino donde apuestan alegremente con tu futuro."
767,Roja,"Lugares","Hollywood","La fábrica de sueños que jamás muestra la letra pequeña."
768,Roja,"Lugares","El Vaticano","El país más pequeño que ejerce la mayor de las influencias."
769,Roja,"Lugares","La Estatua de la Libertad","La promesa verde que recibe a todo el que se atreve."
770,Roja,"Lugares","Silicon Valley","La cuna de las apps que arruinaron tu sueño para siempre."
771,Roja,"Lugares","La Gran Muralla China","El muro tan grande que hasta la exageración lo agranda."
772,Roja,"Lugares","Las Pirámides de Egipto","El misterio de piedra que ninguna teoría logra explicar."
773,Roja,"Lugares","El Coliseo Romano","El estadio donde el espectáculo terminaba siempre en sangre."
774,Roja,"Lugares","McDonald's","El payaso que alimenta y engorda al planeta entero."
775,Roja,"Lugares","Coca-Cola","La fórmula secreta que conquistó cada rincón del mundo."
776,Roja,"Lugares","Disney","El imperio que te vende la infancia cómodamente a plazos."
777,Roja,"Lugares","La Bolsa de Valores","El corazón mundial que late en verde euforia y rojo pánico."
778,Roja,"Lugares","El Titanic","El insumergible que apenas duró una sola noche fatídica."
779,Roja,"Absurdos","Un pingüino con corbata","La elegancia inexplicable que camina sobre el hielo."
780,Roja,"Absurdos","El infinito más uno","Concepto matemático de imposible ejecución práctica."
781,Roja,"Absurdos","Un aguacate en crisis existencial","El que madura por fuera y se cuestiona todo por dentro."
782,Roja,"Absurdos","El vacío legal","El hueco sagrado por donde todos logran escaparse."
783,Roja,"Absurdos","La quinta dimensión","El reino donde habitan todas las medias perdidas."
784,Roja,"Absurdos","Un ornitorrinco","Es solo un ornitorrinco"
785,Roja,"Absurdos","El botón que no hace nada","Control aparentemente carente de función real."
786,Roja,"Absurdos","La media que se perdió en la lavadora","Prenda extraviada durante el ciclo de lavado."
787,Roja,"Absurdos","Un unicornio con resaca","¿Y por qué no?"
788,Roja,"Absurdos","La gravedad","La fuerza implacable que nunca te ha dejado subir de verdad."
789,Roja,"Absurdos","El silencio incómodo del ascensor","La eternidad condensada en apenas diez pisos de viaje."
790,Roja,"Absurdos","Un cactus emocional","El ser lleno de púas que, aun así, abraza tu corazón."
791,Roja,"Absurdos","Una piñata rencorosa","La que guarda cada golpe para vengarse en el cumpleaños."
792,Roja,"Absurdos","Un semáforo daltónico","Dispositivo de tránsito con aparente confusión de colores."
793,Roja,"Absurdos","El mosquito invisible de la madrugada","El francotirador zumbante que ataca al apagar la luz."
794,Roja,"Absurdos","El lunes a las 7 a.m.","El villano recurrente que regresa sin que nadie lo invite."
795,Roja,"Situaciones","La resaca","La factura implacable que cobra el placer de anoche."
796,Roja,"Situaciones","La cuenta de la luz","¿Esto se pagaba?"
797,Roja,"Situaciones","El primer día de clases","La ansiedad sagrada vestida con uniforme recién estrenado."
798,Roja,"Situaciones","El último día de vacaciones","El duelo anticipado que el reloj administra sin piedad."
799,Roja,"Situaciones","La suegra","La auditora emocional que jamás requiere cita previa."
800,Roja,"Situaciones","El despertador","¡A CHAMBEAAAAR!"
801,Roja,"Situaciones","La báscula","A veces es mejor no saber."
802,Roja,"Situaciones","El sueldo","Lo que llega cansado y se marcha corriendo sin despedirse."
803,Roja,"Situaciones","La fila del banco","El purgatorio con aire acondicionado eternamente dañado."
804,Roja,"Situaciones","El tráfico","La cárcel con ruedas que se decreta cada tarde."
805,Roja,"Situaciones","El examen sorpresa","La traición académica ejecutada sin previo aviso ni piedad."
806,Roja,"Situaciones","La cita con el dentista","La tortura agendada que promete anestesia y entrega miedo."
807,Roja,"Situaciones","El ""mira tenemos que hablar""","Las cuatro palabras que hielan la sangre al instante."
808,Roja,"Situaciones","El domingo por la noche","La sombra creciente del lunes que ya asoma en el horizonte."
809,Roja,"Situaciones","La reunión familiar con preguntas incómodas","¿Y la novia pa' cuando sobrino?"
810,Roja,"Situaciones","El vecino que taladra un domingo","El terrorista sonoro del reposo ajeno y sagrado."
811,Roja,"Situaciones","La cuenta compartida en el restaurante","El álgebra hostil que enfrenta a los mejores amigos."
812,Roja,"Situaciones","El plan de ""solo una cervecita""","La inocente puerta de entrada al caos absoluto."
813,Roja,"Situaciones","La entrevista de trabajo","El interrogatorio disfrazado de amena charla informal."
814,Roja,"Situaciones","La lista de propósitos de año nuevo","La dieta empieza el lunes ¡fijo!"
815,Roja,"Situaciones","La primera cana","Y apenas tengo 30..."
816,Roja,"Situaciones","La foto del pasaporte","El retrato criminal oficializado por el mismísimo Estado."
817,Roja,"Situaciones","El cumpleaños número 30","El fin decretado de la juventud según la cruel sociedad."
818,Roja,"Situaciones","El ""¿y para cuándo los hijos?""","La bomba lanzada sin piedad en toda cena familiar."
819,Roja,"Acciones","Fingir sorpresa en tu fiesta sorpresa","La actuación forzada que exige el protocolo social."
820,Roja,"Acciones","Reírte de tu chiste antes de contarlo","El spoiler involuntario de tu propia y frágil gracia."
821,Roja,"Acciones","Prometer llegar temprano y llegar de último","La leyenda inversa de quien convierte el ""temprano"" en mito."
822,Roja,"Acciones","Guardar el pantalón ""para cuando adelgace""","El acto de fe textil que aguarda un milagro eterno."
823,Roja,"Acciones","Ver tutoriales y no hacer nada","La sabiduría teórica que jamás toca la realidad."
824,Roja,"Acciones","Limpiar y terminar viendo fotos viejas","La nostalgia traidora que sabotea toda buena intención."
825,Roja,"Acciones","Comprar plantas y verlas morir","¿Dónde está mi Rocky? (el cactus)."
826,Roja,"Acciones","Prometer que esta vez sí ahorras","El voto solemne que no sobrevive hasta el viernes."
827,Roja,"Acciones","Contestar el examen a punta de fe","Si el examen dura 90 min, ¡yo me voy al 91!"
828,Roja,"Acciones","Escribir ""confirmado"" y no ir","El compromiso de papel mojado que se disuelve solo."
829,Roja,"Acciones","Reenviar la cadena ""por si acaso""","La superstición moderna que se propaga con un solo toque."
830,Roja,"Acciones","Comer sano en público y chatarra en casa","La doble vida gastronómica que nadie confiesa jamás."
831,Roja,"Acciones","Buscar tus síntomas en internet","Dr. Google dice: Efectivamente Cáncer."
832,Roja,"Acciones","Prometer no comprar nada y salir con tres bolsas","La voluntad de mantequilla que se derrite en la vitrina."
833,Roja,"Acciones","Devolver el carrito del súper... o no","El dilema moral supremo del estacionamiento del mercado."
834,Roja,"Acciones","Fingir que entiendes el chiste en otro idioma","La sonrisa diplomática que esconde el total desconcierto."
835,Roja,"Acciones","Empezar mil series y no terminar ninguna","El coleccionista de comienzos que teme todo final."
836,Roja,"Acciones","Poner excusas para no salir de casa","El arte refinado de la evasión perfeccionado en pijama."
837,Roja,"Acciones","Jurar que mañana empiezas de cero","El renacimiento eterno que siempre se agenda para mañana."
838,Roja,"Personajes","Julio César","El que vino, vio, venció y luego lo apuñalaron entre amigos."
839,Roja,"Personajes","Sócrates","El que solo sabía que no sabía nada, y aun así enseñaba."
840,Roja,"Personajes","Cristóbal Colón","El que se perdió buscando India y halló un continente."
841,Roja,"Personajes","William Shakespeare","El que inventó la mitad de los sentimientos que hoy sientes."
842,Roja,"Personajes","Charles Darwin","El que nos emparentó con el mono, para escándalo de muchos."
843,Roja,"Personajes","Isaac Newton","El que le echó la culpa de su genio a una simple manzana."
844,Roja,"Personajes","Mozart","El niño prodigio que componía antes de atarse los zapatos."
845,Roja,"Personajes","Vincent van Gogh","El que pintó las estrellas y vendió un solo cuadro en vida."
846,Roja,"Personajes","Pablo Picasso","El que dibujaba raro y le pagaban auténticas fortunas."
847,Roja,"Personajes","Marilyn Monroe","El suspiro que se transformó en leyenda trágica y eterna."
848,Roja,"Personajes","Elvis Presley","El rey que meneó las caderas y escandalizó a una nación."
849,Roja,"Personajes","Stephen Hawking","El que le explicó el universo entero al propio universo."
850,Roja,"Personajes","Walt Disney","El que congeló la infancia para venderla a plazos."
851,Roja,"Personajes","Coco Chanel","La que vistió al mundo entero de un negro elegante y eterno."
852,Roja,"Personajes","Usain Bolt","El rayo humano que batía marcas mientras sonreía."
853,Roja,"Personajes","Tom Cruise","El que se cuelga de aviones en marcha por pura diversión."
854,Roja,"Personajes","Leonardo DiCaprio","El que persiguió el Óscar tanto como a la novia de veinticinco."
855,Roja,"Personajes","Morgan Freeman","La voz de Dios encarnada en un narrador de documentales."
856,Roja,"Personajes","Gordon Ramsay","El cocinero que insulta sin tregua hasta que por fin aprendes."
857,Roja,"Personajes","Bob Esponja","¡IMAGINAAACIÓN!"
858,Roja,"Personajes","Homero Simpson","¡D’OH!"
859,Roja,"Personajes","Batman","¿El mejor superpoder de todos?"
860,Roja,"Personajes","Superman","Henry Cavill... Nada más que agregar."
861,Roja,"Personajes","Spider-Man","El muchacho de problemas eternos que balancea entre edificios."
862,Roja,"Personajes","Darth Vader","El padre más incómodo de toda la galaxia conocida."
863,Roja,"Personajes","Yoda","El maestro verde que al revés habla, sabiduría profunda tiene."
864,Roja,"Personajes","Harry Potter","El niño que sobrevivió pero jamás superó a sus padres."
865,Roja,"Personajes","Mickey Mouse","El ratón que construyó un imperio con dos orejas redondas."
866,Roja,"Personajes","Barbie","La de plástico perfecta que sobrevivió a todas las modas."
867,Roja,"Personajes","Winnie Pooh","El osito filósofo que resuelve la vida con un tarro de miel."
868,Roja,"Situaciones","El primer beso","La torpeza sagrada que ningún mortal logra olvidar."
869,Roja,"Situaciones","La friendzone","El cuarto de invitados donde el amor duerme para siempre."
870,Roja,"Situaciones","El crush que ni sabe que existes","El amor unilateral con estadística cruel y sin retorno."
871,Roja,"Situaciones","La cita a ciegas","La ruleta rusa del corazón jugada con total incertidumbre."
872,Roja,"Situaciones","El ""quedamos como amigos""","El eufemismo elegante que decreta el final anunciado."
873,Roja,"Situaciones","El currículum sin experiencia","La paradoja eterna: sin empleo no hay experiencia, y viceversa."
874,Roja,"Situaciones","El primer sueldo","La ilusión gloriosa que dura hasta pagar la primera cuenta."
875,Roja,"Situaciones","La mudanza","La revelación brutal de cuánto inútil acumulaste en años."
876,Roja,"Situaciones","El reencuentro con el amor de la secundaria","La nostalgia servida con arrugas y kilos recién ganados."
877,Roja,"Situaciones","El grupo de padres del colegio","El campo de batalla de política y drama en formato de chat."
878,Roja,"Situaciones","El chequeo médico anual","La cita ineludible con la verdad que uno prefiere evitar."
879,Roja,"Situaciones","La reunión de exalumnos","La competencia disfrazada torpemente de tierna nostalgia."
880,Roja,"Situaciones","La declaración de impuestos","El acertijo anual diseñado para confundir al ciudadano."
881,Roja,"Situaciones","El ""¿ya tienes novio?""","El misil familiar lanzado sin aviso en cada reunión."
882,Roja,"Situaciones","La primera arruga","La firma silenciosa que el tiempo estampa sin permiso."
883,Roja,"Situaciones","El compañero de trabajo que no hace nada","El que cobra igual mientras los demás cargan todo el peso."
884,Roja,"Situaciones","La cola para renovar la cédula","La prueba máxima de paciencia patrocinada por el Estado."
885,Roja,"Situaciones","El descuento que te hace comprar de más","La trampa dorada que disfraza el gasto de puro ahorro."
886,Roja,"Situaciones","El aire acondicionado de la oficina","El eterno campo de guerra entre los de frío y los de calor."
887,Roja,"Situaciones","La reunión de los viernes a las 5","El secuestro corporativo justo antes de la libertad."
888,Roja,"Absurdos","El pan que cae con la mantequilla hacia abajo","La ley universal e implacable de la mala suerte."
889,Roja,"Absurdos","El espejo mentiroso del probador","El enemigo íntimo que acecha en todo centro comercial."
890,Roja,"Absurdos","El cable que se enreda solo en el bolsillo","El vudú inexplicable que poseen todos los audífonos."
891,Roja,"Absurdos","La impresora que falla cuando urge","La máquina con un cruel y afinado sentido del drama."
892,Roja,"Absurdos","La silla que chilla en pleno silencio","El delator implacable de todo movimiento clandestino."
893,Roja,"Absurdos","El domingo lluvioso sin planes","La melancolía pura servida en formato de clima gris."
894,Roja,"Absurdos","El wifi que llega hasta la mitad del cuarto","La frontera invisible donde el progreso decide rendirse."
895,Roja,"Absurdos","La verdad incómoda del grupo","Lo que todos piensan pero nadie se atreve a decir."
896,Roja,"Absurdos","La memoria de corto plazo","P. Sherman, calle Wallaby 42..."
897,Roja,"Absurdos","El mosquito que reaparece al apagar la luz","¿Yo no te habia matado ya?"
